Month,JobNo,CustPONo,CustomerID,Customer,OrderDate,RequestDate,NeedByDate,Shipping,Model,LiftSerialNo,LiftRecd,LiftWIP,VehicleType,ChassisNo,ChassisRecd,ChassisWIP,Supply,,SalesLineValue,WorkOrderNo,StockIssued,,Installation,Lift,Vehicle,WIP,NewServiceCall,NewJob,OpCode,OpCode2
March,17569,472175,CUST1224,Scottish Power No6,2019/02/28,2019/03/22,2019/03/29,Collect,VOE36MHi,UT180002,Yes,Yes,U530,,Yes,No,FI,,115565,09430 / 09503 / 09827 / 10073 / 10159,Yes,,INS VOE36MHi,VOE36MHi,VDL2000-086,77899,0,,,
March,17570,472176,CUST1224,Scottish Power No7,2019/02/28,2019/03/22,2019/03/29,Collect,VOE36MHi,UT180003,Yes,Yes,U530,,Yes,No,FI,,115565,09431 / 09504 / 09828 / 10072 / 10160,Yes,,INS VOE36MHi,VOE36MHi,VDL2000-086,78562,0,,,
March,17848,1730026224,1292,BT Fleet No61,2019/02/28,2019/03/22,2019/03/29,Collect,ETM38-F E6,VF180086,Yes,Yes,Iveco 50C15 E6,,Yes,No,FI,,43780,09768 / 09984,Yes,,INS ETM38-F E6,ETM38-F E6,VDL2000-073,29225,0,,,
March,17850,1730026224,1292,BT Fleet No63,2019/02/28,2019/03/22,2019/03/29,Collect,ETM38-F E6,VF180088,Yes,Yes,Iveco 50C15 E6,ZCFC150B805216473,Yes,No,FI,,43780,09770 / 09986,Yes,,INS ETM38-F E6,ETM38-F E6,VDL2000-073,28016,0,,,
March,17851,1730026224,1292,BT Fleet No64,2019/02/28,2019/03/22,2019/03/29,Collect,ETM38-F E6,VF180089,Yes,Yes,Iveco 50C15 E6,ZCFC150B705217646,Yes,No,FI,,43780,09771 / 09987,Yes,,INS ETM38-F E6,ETM38-F E6,VDL2000-073,23629,0,,,
March,17852,1730026224,1292,BT Fleet No65,2019/02/28,2019/03/22,2019/03/29,Collect,ETM38-F E6,VF180090,Yes,Yes,Iveco 50C15 E6,ZCFC150B705215606,Yes,No,FI,,43780,09772 / 09988,Yes,,INS ETM38-F E6,ETM38-F E6,VDL2000-073,26578,0,,,
March,17853,1730026224,1292,BT Fleet No66,2019/02/28,2019/03/22,2019/03/29,Collect,ETM38-F E6,VF180091,Yes,Yes,Iveco 50C15 E6,ZCFC150B505215605,Yes,No,FI,,43780,09773 / 09989,Yes,,INS ETM38-F E6,ETM38-F E6,VDL2000-073,25892,0,,,
March,17854,1730026224,1292,BT Fleet No67,2019/02/28,2019/03/22,2019/03/29,Collect,ETM38-F E6,VF180092,Yes,Yes,Iveco 50C15 E6,ZCFC150B405217345,Yes,No,FI,,43780,09774 / 09990,Yes,,INS ETM38-F E6,ETM38-F E6,VDL2000-073,26976,0,,,
March,17855,1730026224,1292,BT Fleet No68,2019/02/28,2019/03/22,2019/03/29,Collect,ETM38-F E6,VF180093,Yes,Yes,Iveco 50C15 E6,ZCFC150B605219534,Yes,No,FI,,43780,09775 / 09991,Yes,,INS ETM38-F E6,ETM38-F E6,VDL2000-073,25929,0,,,
March,17856,1730026224,1292,BT Fleet No69,2019/02/28,2019/03/22,2019/03/29,Collect,ETM38-F E6,VF180094,Yes,Yes,Iveco 50C15 E6,ZCFC150B405220133,Yes,No,FI,,43780,09776 / 09992,Yes,,INS ETM38-F E6,ETM38-F E6,VDL2000-073,26536,0,,,
March,17857,1730026224,1292,BT Fleet No70,2019/02/28,2019/03/22,2019/03/29,Collect,ETM38-F E6,VF180095,Yes,Yes,Iveco 50C15 E6,ZCFC150B805221219,Yes,No,FI,,43780,09777 / 09993,Yes,,INS ETM38-F E6,ETM38-F E6,VDL2000-073,28850,0,,,
March,17916,1492A1,1292,BT Fleet No6,2019/02/28,2019/03/22,2019/03/29,Collect,VTX-240-E6,DKVTX-180032,Yes,Yes,Iveco Daily 50C CC,ZCFC150B90D620730,Yes,No,VDL Stk,,111412,09883 / 10150,Yes,,INS VTX-240,VTX-240,VDL2000-058,0,0,,,
March,17917,1492A1,1292,BT Fleet No7,2019/02/28,2019/03/22,2019/03/29,Collect,VTX-240-E6,DKVTX-180033,Yes,Yes,Iveco Daily 50C CC,ZCFC150B00D620731,Yes,No,VDL Stk,,111412,09884 / 10151,Yes,,INS VTX-240,VTX-240,VDL2000-058,0,0,,,
March,17921,1492A1,1292,BT Fleet No11,2019/02/28,2019/03/22,2019/03/29,Collect,VTX-240-E6,DKVTX-180034,Yes,Yes,Iveco Daily 50C CC,ZCFC150BX0D620736,Yes,No,VDL Stk,,111412,09888 / 10155,Yes,,INS VTX-240,VTX-240,VDL2000-058,103352,0,,,
March,17758,10660,CUST539,CVL Systems Ltd,2019/02/28,2019/03/22,2019/03/29,Collect,VTL-135-F,DKVTL-180013,Yes,Yes,Ford Transit Euro 6,WFOXXXTTGXJA64014,Yes,No,VDL Stk,,52749,10245,Yes,,INS VTL-135-F,VTL-135-F-S,VDL2000-053,18503,0,,,
March,17759,6928,CUST721,Loxam Access Ireland,2019/02/28,2019/03/22,2019/03/29,Deliver,VTL-135-F,DKVTL-180014,Yes,Yes,Ford Transit Euro 6,WFOXTTGXJM57899,Yes,No,VDL Stk,,50192.5,10243,Yes,,INS VTL-135-F,VTL-135-F-S,VDL2000-053,18742,0,,,
March,17760,6928,CUST721,Loxam Access Ireland,2019/02/28,2019/03/22,2019/03/29,Deliver,VTL-135-F,DKVTL-180015,Yes,Yes,Ford Transit Euro 6,WFOXTTGXJM57914,Yes,No,VDL Stk,,50192.5,10244,Yes,,INS VTL-135-F,VTL-135-F-S,VDL2000-053,18295,0,,,
March,17693,SG03415,N0100,Sir Robert McAlpine (NETV),2019/02/28,2019/03/22,2019/03/29,Collect,ETM38-F E6,VF180097,Yes,Yes,Iveco 50C15 E6,ZCFC250D405264552,Yes,No,FI,,33534,09890,No,,INS ETM38-F E6,ETM38-F E6,VDL2000-073,29683,0,,,
March,17859,LC374070MB,CUST708,Leeds Commercials No1,2019/02/28,2019/03/22,2019/03/29,Collect,LAT-38-135-H,DKLAT-190002,Yes,No,Isuzu D-Max Euro 6,MPATFS87JJT007650,Yes,Yes,VDL Stk,,52177,10018,No,,INS LAT-38-135-H E6 DMAX,LAT-38-135-H E6 (Isuzu),VDL2000-064,43488,0,,,
March,17860,LC374071MB,CUST708,Leeds Commercials No2,2019/02/28,2019/03/22,2019/03/29,Collect,LAT-38-135-H,DKLAT-190002,Yes,No,Isuzu D-Max Euro 6,MPATFS87JJT007654,Yes,Yes,VDL Stk,,52177,10019,No,,INS LAT-38-135-H E6 DMAX,LAT-38-135-H E6 (Isuzu),VDL2000-064,43743,0,,,
March,17761,LC374068MB,CUST708,Leeds Commercials No1,2019/02/28,2019/03/22,2019/03/29,Collect,VTL-135-F,DKVTL-180016,Yes,Yes,Ford Transit Euro 6,WFOXXXTTTGXJA66903,Yes,No,FI,,29997,10266,No,,INS VTL-135-F,VTL-135-F-S,VDL2000-072,17168,0,,,
March,17762,LC374069MB,CUST708,Leeds Commercials No2,2019/02/28,2019/03/22,2019/03/29,Collect,VTL-135-F,DKVTL-180017,Yes,Yes,Ford Transit Euro 6,WFOXXXTTGXJA66904,Yes,No,FI,,29997,10267,No,,INS VTL-135-F,VTL-135-F-S,VDL2000-072,16881,0,,,
March,17780,8549,CUST1388,Epsilon Lighting,2019/02/28,2019/03/22,2019/03/29,Deliver,VTL-135-F,DKVTL-180035,Yes,Yes,Ford Transit Euro 6,WFOXXXTTGXJM57893,Yes,No,VDL Stk,,51936,10235,No,,INS VTL-135-F,VTL-135-F-D,VDL2000-053,0,0,,,
March,17628,40736824,CUST1391,Relay Engineering,2019/02/28,2019/03/22,2019/03/29,Deliver,ETL36-F E6,VB180026,Yes,Yes,Ford Transit Euro 6,WFOXXTTGXKC24106,Yes,No,VDL Stk,,56303,10177,No,,INS ETL36-F E6,ETL36-F E6,VDL2000-053,14444,0,,,
March,17869,0020/4300049572,CUST931,Electricity North West No8,2019/02/28,2019/03/22,2019/03/29,Deliver,LAT-38-135-H,DKLAT-180077,Yes,Yes,Isuzu D-Max Euro 6,MPATFS87JJT010130,Yes,No,FI,,33277,10122,Yes,,INS LAT-38-135-H E6 DMAX,LAT-38-135-H E6 (Isuzu),VDL2000-083,26222,0,,,
March,17922,0020/4300049572,CUST931,Electricity North West No9,2019/02/28,2019/03/22,2019/03/29,Deliver,LAT-38-135-H,DKLAT-180078,Yes,Yes,Isuzu D-Max Euro 6,MPATFS87JJT010131,Yes,No,FI,,33277,10123,Yes,,INS LAT-38-135-H E6 DMAX,LAT-38-135-H E6 (Isuzu),VDL2000-083,26439,0,,,
March,17923,0020/4300049572,CUST931,Electricity North West No10,2019/02/28,2019/03/22,2019/03/29,Deliver,LAT-38-135-H,DKLAT-180079,Yes,Yes,Isuzu D-Max Euro 6,MPATFS87JJT010132,Yes,No,FI,,33277,10124,Yes,,INS LAT-38-135-H E6 DMAX,LAT-38-135-H E6 (Isuzu),VDL2000-083,25780,0,,,
March,17924,0020/4300049572,CUST931,Electricity North West No11,2019/02/28,2019/03/22,2019/03/29,Deliver,LAT-38-135-H,DKLAT-180072,Yes,No,Isuzu D-Max Euro 6,MPATFS87JJT010133,Yes,No,FI,,33277,10125,Yes,,INS LAT-38-135-H E6 DMAX,LAT-38-135-H E6 (Isuzu),VDL2000-083,2619,0,,,
March,17925,0020/4300049572,CUST931,Electricity North West No12,2019/02/28,2019/03/22,2019/03/29,Deliver,LAT-38-135-H,DKLAT-180073,Yes,No,Isuzu D-Max Euro 6,MPATFS87JJT010134,Yes,No,FI,,33277,10126,Yes,,INS LAT-38-135-H E6 DMAX,LAT-38-135-H E6 (Isuzu),VDL2000-083,2101,0,,,
March,17930,0020/4300049572,CUST931,Electricity North West No17,2019/02/28,2019/03/22,2019/03/29,Deliver,LAT-38-135-H,DKLAT-180082,Yes,Yes,Isuzu D-Max Euro 6,MPATFS87JJT010590,Yes,No,FI,,33277,10131,Yes,,INS LAT-38-135-H E6 DMAX,LAT-38-135-H E6 (Isuzu),VDL2000-083,26695,0,,,
March,17931,0020/4300049572,CUST931,Electricity North West No18,2019/02/28,2019/03/22,2019/03/29,Deliver,LAT-38-135-H,DKLAT-180083,Yes,Yes,Isuzu D-Max Euro 6,MPATFS87JJT010591,Yes,No,FI,,33277,10132,Yes,,INS LAT-38-135-H E6 DMAX,LAT-38-135-H E6 (Isuzu),VDL2000-083,26500,0,,,
March,17932,0020/4300049572,CUST931,Electricity North West No19,2019/02/28,2019/03/22,2019/03/29,Deliver,LAT-38-135-H,DKLAT-190001,Yes,No,Isuzu D-Max Euro 6,MPATFS87JJT010592,Yes,No,FI,,33277,10133,Yes,,INS LAT-38-135-H E6 DMAX,LAT-38-135-H E6 (Isuzu),VDL2000-083,2113,0,,,
March,8577,1496 A1,1292,BT Fleet No1 (PE4 with winch),2019/02/28,2019/03/22,2019/03/29,Collect,ET29NE,Time DK,No,No,Iveco Eurocargo 120E19,ZCFAG1ED602688455,Yes,No,VDL Stk,,122091,10134,Yes,,INS ET29NE-PE4,ET29NE,VDL2000-071,16498,0,,,
March,9737,1496 A1,1292,BT Fleet No2 (PE4 with winch),2019/02/28,2019/03/22,2019/03/29,Collect,ET29NE,Time DK,No,No,Iveco Eurocargo 120E19,ZCFAG1ED802688456,Yes,No,VDL Stk,,122091,10135,Yes,,INS ET29NE-PE4,ET29NE,VDL2000-071,13894,0,,,
March,9738,1496 A1,1292,BT Fleet No3 (PE4 with winch),2019/02/28,2019/03/22,2019/03/29,Collect,ET29NE,Time DK,No,No,Iveco Eurocargo 120E19,ZCFAG1EDX02688457,Yes,No,VDL Stk,,122091,10136,Yes,,INS ET29NE-PE4,ET29NE,VDL2000-071,13235,0,,,
April,17571,472177,CUST1224,Scottish Power No8,2019/02/28,2019/04/23,2019/04/30,Collect,VOE36MHi,UT180005,Yes,Yes,U530,WDB4052222V252049,Yes,No,FI,,115565,09434/09505/09829/10071/10161,Yes,,INS VOE36MHi,VOE36MHi,VDL2000-086,60612,0,,,
April,17572,472178,CUST1224,Scottish Power No9,2019/02/28,2019/04/23,2019/04/30,Collect,VOE36MHi,TBA,Yes,Yes,U530,WDB4052222V253899,No,No,FI,,115565,09435/09506/09830/10070/10162,Yes,,INS VOE36MHi,VOE36MHi,VDL2000-086,56755,0,,,
April,17627,PB-33724,CUST1390,UIS Ltd,2019/02/28,2019/04/23,2019/04/30,,ETL36-F E6,VB180025,Yes,Yes,Ford Transit Euro 6,WFOXTTGXJM57916,Yes,No,VDL Stk,,48954,No,No,,INS ETL36-F E6,ETL36-F E6,VDL2000-053,10011,0,,,
April,17681,ROB BLADE ,CUST1032,Blade Roofing No1,2019/02/28,2019/04/23,2019/04/30,,ETL36-F ECO,VB180059,Yes,Yes,Ford Transit Euro 6,WFOXXTTGXJA78064,Yes,No,VDL Stk,,46146,No,No,,INS ETL36-F ECO,ETL36-F ECO,VDL2000-053,9081,0,,,
April,17682,76009,CUST1246,Gedling Borough Council,2019/02/28,2019/04/23,2019/04/30,,ETL36-F ECO,VB180060,Yes,Yes,Ford Transit Euro 6,WFOXXXTTGXKC23810,Yes,No,FI,,30850,No,No,,INS ETL36-F ECO,ETL36-F ECO,VDL2000-072,9025,0,,,
April,17763,Q69316,CUST571,VTL-135-F No8 (Selector with screen) - SHB Hire No1,2019/02/28,2019/04/23,2019/04/30,Collect,VTL-135-F,DKVTL-180018,Yes,Yes,Ford Transit Euro 6,WF0XXXTTGXJG89563,No,No,FI,,31162,10288,No,,INS VTL-135-F,VTL-135-F-S,VDL2000-072,14083,0,,,
April,17764,Q69317,CUST571,VTL-135-F No9 (Selector with screen) - SHB Hire No2,2019/02/28,2019/04/23,2019/04/30,Collect,VTL-135-F,DKVTL-180019,Yes,Yes,Ford Transit Euro 6,WF0XXXTTGXJG88927,Yes,No,FI,,31162,10289,No,,INS VTL-135-F,VTL-135-F-S,VDL2000-072,13958,0,,,
April,17765,Q69318,CUST571,VTL-135-F No10 (Selector with screen) - SHB Hire No3,2019/02/28,2019/04/23,2019/04/30,Collect,VTL-135-F,DKVTL-180020,Yes,Yes,Ford Transit Euro 6,WF0XXXTTGXJG88933,No,No,FI,,31162,10290,No,,INS VTL-135-F,VTL-135-F-S,VDL2000-072,13958,0,,,
April,17766,Q69319,CUST571,VTL-135-F No11 (Selector with screen) - SHB Hire No4,2019/02/28,2019/04/23,2019/04/30,Collect,VTL-135-F,DKVTL-180021,Yes,Yes,Ford Transit Euro 6,WF0XXXTTGXJG88936,No,No,FI,,31162,10291,No,,INS VTL-135-F,VTL-135-F-S,VDL2000-072,13995,0,,,
April,17767,Q69320,CUST571,VTL-135-F No12 (Selector with screen) - SHB Hire No5,2019/02/28,2019/04/23,2019/04/30,Collect,VTL-135-F,DKVTL-180022,Yes,Yes,Ford Transit Euro 6,WF0XXXTTGXJG88941,No,No,FI,,31162,10292,No,,INS VTL-135-F,VTL-135-F-S,VDL2000-072,13958,0,,,
April,17645,MR52140,CC964,Concorde Commercial,2019/02/28,2019/04/23,2019/04/30,,ETM38-F E6,VF180115,Yes,Yes,Iveco 50C15 E6,ZCFC150B505217662,Yes,No,VDL Stk,,67430,No,No,,INS ETM38-F E6,ETM38-F E6,VDL2000-054,54837,0,,,
April,17716,AHN58237,CUST430,Access Hire Nationwide No1,2019/02/28,2019/04/23,2019/04/30,Collect,ETL36-F ECO,VB180088,Yes,Yes,Ford Transit Euro 6,WF0XXXTTGXKC43438,No,No,FI,,26760,10238,Yes,,INS ETL36-F ECO,ETL36-F ECO,VDL2000-072,13498,0,,,
April,17717,AHN58237,CUST430,Access Hire Nationwide No2,2019/02/28,2019/04/23,2019/04/30,Collect,ETL36-F ECO,VB180089,Yes,Yes,Ford Transit Euro 6,WF0XXXTTGXKC43437,No,No,FI,,26760,10239,Yes,,INS ETL36-F ECO,ETL36-F ECO,VDL2000-072,13498,0,,,
April,17718,AHN58237,CUST430,Access Hire Nationwide No3,2019/02/28,2019/04/23,2019/04/30,Collect,ETL36-F ECO,VB180090,Yes,Yes,Ford Transit Euro 6,WF0XXXTTGXKC43438,No,No,FI,,26760,10237,Yes,,INS ETL36-F ECO,ETL36-F ECO,VDL2000-072,13498,0,,,
April,17719,AHN58237,CUST430,Access Hire Nationwide No4,2019/02/28,2019/04/23,2019/04/30,Collect,ETL36-F ECO,VB190001,No,No,Ford Transit Euro 6,WF0XXXTTGXKC43443,No,No,FI,,26760,10236,Yes,,INS ETL36-F ECO,ETL36-F ECO,VDL2000-072,13498,0,,,
April,17720,AHN58237,CUST430,Access Hire Nationwide No5,2019/02/28,2019/04/23,2019/04/30,Collect,ETL36-F ECO,VB190002,No,No,Ford Transit Euro 6,WF0XXXTTGXKC43442,No,No,FI,,26760,10234,Yes,,INS ETL36-F ECO,ETL36-F ECO,VDL2000-072,9122,0,,,
April,17773,Bridget  ,CUST953,SDB Equipment Ltd (Selector with screen),2019/02/28,2019/04/23,2019/04/30,Collect,VTL-135-F,DKVTL-180028,No,No,Ford Transit Euro 6,WFOXXXTTGJA68551,Yes,No,VDL Stk,,46797,10286,No,,INS VTL-135-F,VTL-135-F-S,VDL2000-053,0,0,,,
April,17774,Bridget  ,CUST953,SDB Equipment Ltd (Selector with screen),2019/02/28,2019/04/23,2019/04/30,Collect,VTL-135-F,DKVTL-180029,No,No,Ford Transit Euro 6,WFOXXTTGXKC24103,No,No,VDL Stk,,46797,10287,No,,INS VTL-135-F,VTL-135-F-S,VDL2000-053,0,0,,,
April,19027,Graham email 10.01.19 ,CUST1166,Highway Hire No1,2019/02/28,2019/04/23,2019/04/30,Collect,VTL-135-F,TBA,No,No,Ford Transit Euro 6,WFOXTTGXJM57905,Yes,No,VDL Stk,,49705,10282,No,,INS VTL-135-F,VTL-135-F-S,VDL2000-053,0,0,,,
April,19028,Graham email 10.01.19 ,CUST1166,Highway Hire No2,2019/02/28,2019/04/23,2019/04/30,Collect,VTL-135-F,TBA,No,No,Ford Transit Euro 6,WFOXTTGXJM57904,Yes,No,VDL Stk,,49705,10283,No,,INS VTL-135-F,VTL-135-F-S,VDL2000-053,0,0,,,
April,19029,Graham email 10.01.19 ,CUST1166,Highway Hire No3,2019/02/28,2019/04/23,2019/04/30,Collect,VTL-135-F,TBA,No,No,Ford Transit Euro 6,WFOXTTGXJM57903,Yes,No,VDL Stk,,49705,10284,No,,INS VTL-135-F,VTL-135-F-S,VDL2000-053,0,0,,,
April,19030,Graham email 10.01.19 ,CUST1166,Highway Hire No4,2019/02/28,2019/04/23,2019/04/30,Collect,VTL-135-F,TBA,No,No,Ford Transit Euro 6,WFOXTTGXJM54873,Yes,No,VDL Stk,,49705,10285,No,,INS VTL-135-F,VTL-135-F-S,VDL2000-053,0,0,,,
April,17978,PO-1019,CUST1062,Sparkx Ltd,2019/02/28,2019/04/23,2019/04/30,Collect,VTL-145- F,TBA,No,No,Merc Sprinter 3.5T,WDB9076332P063000,Yes,No,FI,,33905,No,No,,INS VTL-145-F,VTL-145-F-S,VDL2000-079,0,0,,,
April,17979,PO-1019,CUST1062,Sparkx Ltd,2019/02/28,2019/04/23,2019/04/30,,VTL-145- F,TBA,No,No,Merc Sprinter 3.5T,WDB9076332P063001,Yes,No,FI,,33905,No,No,,INS VTL-145-F,VTL-145-F-S,VDL2000-079,0,0,,,
April,13958,2/00276666,CUST1327,Balloo Hire No4,2019/02/28,2019/04/23,2019/04/30,,LAT-38-135-H,DK- LAT-160026,Yes,Yes,Toyota Hilux E5 used ,AHTDR22G605537524,Yes,No,FI,,17500,10000,Yes,,INS LAT-38-135-H E5,LAT-38-135-H E5 (Toyota),VDL2000-087,26907,0,,,
April,17986,4150,CUST802,Northern Ireland Electricity - Isuzu D-Max E6 No1,2019/02/28,2019/04/23,2019/04/30,,LAT-38-135-H,TBA,No,No,Isuzu D-Max Euro 6,MPATFS87JJT010631,No,No,VDL Stk,,56414,No,No,,INS LAT-38-135-H E6 DMAX,LAT-38-135-H E6 (Isuzu),VDL2000-064,0,0,,,
April,17987,4153,CUST802,Northern Ireland Electricity - Isuzu D-Max E6 No2,2019/02/28,2019/04/23,2019/04/30,,LAT-38-135-H,TBA,No,No,Isuzu D-Max Euro 6,MPATFS87JJT010636,No,No,VDL Stk,,56414,No,No,,INS LAT-38-135-H E6 DMAX,LAT-38-135-H E6 (Isuzu),VDL2000-064,0,0,,,
April,17988,4154,CUST802,Northern Ireland Electricity - Isuzu D-Max E6 No3,2019/02/28,2019/04/23,2019/04/30,,LAT-38-135-H,TBA,No,No,Isuzu D-Max Euro 6,MPATFS87JJT010635,No,No,VDL Stk,,56414,No,No,,INS LAT-38-135-H E6 DMAX,LAT-38-135-H E6 (Isuzu),VDL2000-064,0,0,,,
April,17989,4155,CUST802,Northern Ireland Electricity - Isuzu D-Max E6 No4,2019/02/28,2019/04/23,2019/04/30,,LAT-38-135-H,TBA,No,No,Isuzu D-Max Euro 6,MPATFS87JJT010634,No,No,VDL Stk,,56414,No,No,,INS LAT-38-135-H E6 DMAX,LAT-38-135-H E6 (Isuzu),VDL2000-064,0,0,,,
April,19031,S7/477568,CUST1094,Days Motor Group No1,2019/02/28,2019/04/23,2019/04/30,,VTL-135-F,TBA,No,No,Ford Transit Euro 6,WFOXXXTTGXJG85016,Yes,No,FI,,28705,10268,No,,INS VTL-135-F,VTL-135-F-S,VDL2000-064,0,0,,,
April,19032,S7/477568,CUST1094,Days Motor Group No2,2019/02/28,2019/04/23,2019/04/30,,VTL-135-F,TBA,No,No,Ford Transit Euro 6,WFOXXXTTGXJG85057,Yes,No,FI,,28705,10270,No,,INS VTL-135-F,VTL-135-F-S,VDL2000-072,0,0,,,
April,17629,2295,CUST1405,Johnson Control No1 (Bristol Street Motors),2019/02/28,2019/04/23,2019/04/30,,ETL36-F E6,VB180027,Yes,Yes,Ford Transit Euro 6,WFOXXXTTGXKC369975,No,No,FI,,28420,10226,No,,INS ETL36-F E6,ETL36-F E6,VDL2000-072,10011,0,,,
April,17630,6079,CUST1405,Johnson Control No2 (Bristol Street Motors),2019/02/28,2019/04/23,2019/04/30,,ETL36-F E6,VB180028,Yes,Yes,Ford Transit Euro 6,FORD NO A2761,No,No,FI,,28420,10227,No,,INS ETL36-F E6,ETL36-F E6,VDL2000-072,10011,0,,,
May,17573,472179,CUST1224,Scottish Power No10,2019/02/28,2019/05/24,2019/05/31,,VOE36MHi,TBA,Yes,Yes,U530,WDB4052222V253930,No,No,FI,,115565,09436/05907/09831/10069/10163,No,,INS VOE36MHi,VOE36MHi,VDL2000-086,37078,0,,,
May,17902,P989320-423918,CUST71,Western Power No1,2019/02/28,2019/05/24,2019/05/31,,VTL-145-F,TBA,No,No,Iveco 50C15 E6,ZCFC150B905273104,Yes,No,FI,,39037,No,No,,INS VTL-145-F,VTL-145-F-D,VDL2000-073,0,0,,,
May,17903,P989318-423919,CUST71,Western Power No2,2019/02/28,2019/05/24,2019/05/31,,VTL-145-F,TBA,No,No,Iveco 50C15 E6,ZCFC150B705273411,Yes,No,FI,,39037,No,No,,INS VTL-145-F,VTL-145-F-D,VDL2000-073,0,0,,,
May,17905,P989315-423923,CUST71,Western Power No4,2019/02/28,2019/05/24,2019/05/31,,VTL-145-F,TBA,No,No,Iveco 50C15 E6,ZCFC150B205273980,Yes,No,FI,,39037,No,No,,INS VTL-145-F,VTL-145-F-D,VDL2000-073,0,0,,,
May,17904,P989318-423919,CUST71,Western Power No3,2019/02/28,2019/05/24,2019/05/31,,VTL-145-F,TBA,No,No,Iveco 50C15 E6,ZCFC150B005273699,Yes,No,FI,,39037,No,No,,INS VTL-145-F,VTL-145-F-D,VDL2000-073,0,0,,,
May,17906,P989315-423923,CUST71,Western Power No5,2019/02/28,2019/05/24,2019/05/31,,VTL-145-F,TBA,No,No,Iveco 50C15 E6,ZCFC150B105274280,Yes,No,FI,,39037,No,No,,INS VTL-145-F,VTL-145-F-D,VDL2000-073,0,0,,,
May,17878,500380,CUST1224,VTL-145-F (Selector with screen) - SSE Hitachi Capital) No1,2019/02/28,2019/05/24,2019/05/31,,VTL-145-F,TBA,No,No,Iveco 50C15 E6,ZCFC150B405274516,Yes,No,FI,,37138,No,No,,INS VTL-145-F,VTL-145-F-S,VDL2000-073,0,0,,,
May,17879,500381,CUST1224,VTL-145-F (Selector with screen) - SSE Hitachi Capital) No2,2019/02/28,2019/05/24,2019/05/31,,VTL-145-F,TBA,No,No,Iveco 50C15 E6,ZCFC150B205274515,Yes,No,FI,,37138,No,No,,INS VTL-145-F,VTL-145-F-S,VDL2000-073,0,0,,,
May,17880,500382,CUST1224,VTL-145-F (Selector with screen) - SSE Hitachi Capital) No3,2019/02/28,2019/05/24,2019/05/31,,VTL-145-F,TBA,No,No,Iveco 50C15 E6,ZCFC150B005274514,Yes,No,FI,,37138,No,No,,INS VTL-145-F,VTL-145-F-S,VDL2000-073,0,0,,,
May,17881,500383,CUST1224,VTL-145-F (Selector with screen) - SSE Hitachi Capital) No4,2019/02/28,2019/05/24,2019/05/31,,VTL-145-F,TBA,No,No,Iveco 50C15 E6,ZCFC150B905274513,Yes,No,FI,,37138,No,No,,INS VTL-145-F,VTL-145-F-S,VDL2000-073,0,0,,,
May,17882,500384,CUST1224,VTL-145-F (Selector with screen) - SSE Hitachi Capital) No5,2019/02/28,2019/05/24,2019/05/31,,VTL-145-F,TBA,No,No,Iveco 50C15 E6,ZCFC150B705274512,Yes,No,FI,,37138,No,No,,INS VTL-145-F,VTL-145-F-S,VDL2000-073,0,0,,,
May,17883,500385,CUST1224,VTL-145-F (Selector with screen) - SSE Hitachi Capital) No6,2019/02/28,2019/05/24,2019/05/31,,VTL-145-F,TBA,No,No,Iveco 50C15 E6,ZCFC150B505274511,No,No,FI,,37138,No,No,,INS VTL-145-F,VTL-145-F-S,VDL2000-073,0,0,,,
May,17884,500386,CUST1224,VTL-145-F (Selector with screen) - SSE Hitachi Capital) No7,2019/02/28,2019/05/24,2019/05/31,,VTL-145-F,TBA,No,No,Iveco 50C15 E6,ZCFC150B305274510,No,No,FI,,37138,No,No,,INS VTL-145-F,VTL-145-F-S,VDL2000-073,0,0,,,
May,17885,500387,CUST1224,VTL-145-F (Selector with screen) - SSE Hitachi Capital) No8,2019/02/28,2019/05/24,2019/05/31,,VTL-145-F,TBA,No,No,Iveco 50C15 E6,ZCFC150B705274509,No,No,FI,,37138,No,No,,INS VTL-145-F,VTL-145-F-S,VDL2000-073,0,0,,,
May,17886,500388,CUST1224,VTL-145-F (Selector with screen) - SSE Hitachi Capital) No9,2019/02/28,2019/05/24,2019/05/31,,VTL-145-F,TBA,No,No,Iveco 50C15 E6,ZCFC150B505274508,No,No,FI,,37138,No,No,,INS VTL-145-F,VTL-145-F-S,VDL2000-073,0,0,,,
May,17887,500389,CUST1224,VTL-145-F (Selector with screen) - SSE Hitachi Capital) No10,2019/02/28,2019/05/24,2019/05/31,,VTL-145-F,TBA,No,No,Iveco 50C15 E6,ZCFC150B305274507,No,No,FI,,37138,No,No,,INS VTL-145-F,VTL-145-F-S,VDL2000-073,0,0,,,
May,17888,500390,CUST1224,VTL-145-F (Selector with screen) - SSE Hitachi Capital) No11,2019/02/28,2019/05/24,2019/05/31,,VTL-145-F,TBA,No,No,Iveco 50C15 E6,ZCFC150B105274831,No,No,FI,,37138,No,No,,INS VTL-145-F,VTL-145-F-S,VDL2000-073,0,0,,,
May,17889,500391,CUST1224,VTL-145-F (Selector with screen) - SSE Hitachi Capital) No12,2019/02/28,2019/05/24,2019/05/31,,VTL-145-F,TBA,No,No,Iveco 50C15 E6,ZCFC150BX05274830,No,No,FI,,37138,No,No,,INS VTL-145-F,VTL-145-F-S,VDL2000-073,0,0,,,
May,17990,4156,CUST802,Northern Ireland Electricity - Isuzu D-Max E6 No5,2019/02/28,2019/05/24,2019/05/31,,LAT-38-135-H,TBA,No,No,Isuzu D-Max Euro 6,MPATFS87JJT010633,No,No,VDL Stk,,56414,No,No,,INS LAT-38-135-H E6 DMAX,LAT-38-135-H E6 (Isuzu),VDL2000-064,0,0,,,
May,17991,4157,CUST802,Northern Ireland Electricity - Isuzu D-Max E6 No6,2019/02/28,2019/05/24,2019/05/31,,LAT-38-135-H,TBA,No,No,Isuzu D-Max Euro 6,MPATFS87JJT010632,No,No,VDL Stk,,56414,No,No,,INS LAT-38-135-H E6 DMAX,LAT-38-135-H E6 (Isuzu),VDL2000-064,0,0,,,
May,17992,4196,CUST802,Northern Ireland Electricity - Isuzu D-Max E6 No7,2019/02/28,2019/05/24,2019/05/31,,LAT-38-135-H,TBA,No,No,Isuzu D-Max Euro 6,MPATFS87JJT010638,No,No,VDL Stk,,56414,No,No,,INS LAT-38-135-H E6 DMAX,LAT-38-135-H E6 (Isuzu),VDL2000-064,0,0,,,
May,17993,4197,CUST802,Northern Ireland Electricity - Isuzu D-Max E6 No8,2019/02/28,2019/05/24,2019/05/31,,LAT-38-135-H,TBA,No,No,Isuzu D-Max Euro 6,MPATFS87JJT010637,No,No,VDL Stk,,56414,No,No,,INS LAT-38-135-H E6 DMAX,LAT-38-135-H E6 (Isuzu),VDL2000-064,0,0,,,
May,17994,4198,CUST802,Northern Ireland Electricity - Isuzu D-Max E6 No9,2019/02/28,2019/05/24,2019/05/31,,LAT-38-135-H,TBA,No,No,Isuzu D-Max Euro 6,MPATFS87JJT010639,No,No,VDL Stk,,56414,No,No,,INS LAT-38-135-H E6 DMAX,LAT-38-135-H E6 (Isuzu),VDL2000-064,0,0,,,
May,17768,Q69321,CUST571,VTL-135-F No13 (Selector with screen) - SHB Hire No6,2019/02/28,2019/05/24,2019/05/31,,VTL-135-F,TBA,Yes,Yes,Ford Transit Euro 6,WF0XXXTTGXJG88963,No,No,FI,,31162,10293,No,,INS VTL-135-F,VTL-135-F-S,VDL2000-072,13958,0,,,
May,17769,Q69322,CUST571,VTL-135-F No14 (Selector with screen) - SHB Hire No7,2019/02/28,2019/05/24,2019/05/31,,VTL-135-F,TBA,Yes,Yes,Ford Transit Euro 6,WF0XXXTTGXJG88966,No,No,FI,,31162,10294,No,,INS VTL-135-F,VTL-135-F-S,VDL2000-072,4,0,,,
May,17770,Q69323,CUST571,VTL-135-F No15 (Selector with screen) - SHB Hire No8,2019/02/28,2019/05/24,2019/05/31,,VTL-135-F,TBA,Yes,Yes,Ford Transit Euro 6,WF0XXXTTGXJG88972,No,No,FI,,31162,10295,No,,INS VTL-135-F,VTL-135-F-S,VDL2000-072,13958,0,,,
May,17771,Q69324,CUST571,VTL-135-F No16 (Selector with screen) - SHB Hire No9,2019/02/28,2019/05/24,2019/05/31,,VTL-135-F,TBA,Yes,Yes,Ford Transit Euro 6,WF0XXXTTGXJG88977,No,No,FI,,31162,10296,No,,INS VTL-135-F,VTL-135-F-S,VDL2000-072,13958,0,,,
May,17772,Q69325,CUST571,VTL-135-F No17 (Selector with screen) - SHB Hire No10,2019/02/28,2019/05/24,2019/05/31,,VTL-135-F,TBA,No,No,Ford Transit Euro 6,WF0XXXTTGXJG88927,No,No,FI,,31162,10297,No,,INS VTL-135-F,VTL-135-F-S,VDL2000-072,0,0,,,
May,17756,TBC,CUST1083,VTL-135-F No1 (Selector with screen) - MAPS,2019/02/28,2019/05/24,2019/05/31,,VTL-135-F,DKVTL-180011,Yes,Yes,Ford Transit Euro 6,WFOXXXTTGXKC24084,No,No,VDL Stk,,48141,10298,No,,INS VTL-135-F,VTL-135-F-S,VDL2000-053,31474,0,,,
May,17747,Paul Allan 13128,CUST1399,Weyvan,2019/02/28,2019/05/24,2019/05/31,,ETM38-F E6,VF180101,Yes,Yes,Iveco 50C15 E6,ZCFC150B305281344,No,No,VDL Stk,,61567,17747,No,,INS ETM38-F E6,ETM38-F E6,VDL2000-054,12433,0,,,
May,17945,Danny Cooper 01.02.19 ,CUST430,Access Hire Nationwide No1,2019/02/28,2019/05/24,2019/05/31,Collect,ETL36-F ECO,VB190009,No,No,Ford Transit Euro 6,TBA,No,No,FI,,26760,No,No,,INS ETL36-F ECO,ETL36-F ECO,VDL2000-072,0,0,,,
May,17946,Danny Cooper 01.02.19 ,CUST430,Access Hire Nationwide No2,2019/02/28,2019/05/24,2019/05/31,Collect,ETL36-F ECO,VB190010,No,No,Ford Transit Euro 6,TBA,No,No,FI,,26760,No,No,,INS ETL36-F ECO,ETL36-F ECO,VDL2000-072,0,0,,,
May,17947,Danny Cooper 01.02.19 ,CUST430,Access Hire Nationwide No3,2019/02/28,2019/05/24,2019/05/31,Collect,ETL36-F ECO,VB190011,No,No,Ford Transit Euro 6,TBA,No,No,FI,,26760,No,No,,INS ETL36-F ECO,ETL36-F ECO,VDL2000-072,0,0,,,
May,17948,Danny Cooper 01.02.19 ,CUST430,Access Hire Nationwide No4,2019/02/28,2019/05/24,2019/05/31,Collect,ETL36-F ECO,VB190012,No,No,Ford Transit Euro 6,TBA,No,No,FI,,26760,No,No,,INS ETL36-F ECO,ETL36-F ECO,VDL2000-072,0,0,,,
May,17949,Danny Cooper 01.02.19 ,CUST430,Access Hire Nationwide No5,2019/02/28,2019/05/24,2019/05/31,Collect,ETL36-F ECO,VB190013,No,No,Ford Transit Euro 6,TBA,No,No,FI,,26760,No,No,,INS ETL36-F ECO,ETL36-F ECO,VDL2000-072,0,0,,,
May,17748,Matt Hague,CUST1403,Telec Utilities Limited,2019/02/28,2019/05/24,2019/05/31,,ETM38-F E6,VF180102,Yes,Yes,Iveco 50C15 E6,TBA,No,No,VDL Stk,,39031,No,No,,INS ETM38-F E6,ETM38-F E6,VDL2000-054,12433,0,,,
May,17749,Matt Hague,CUST1403,Telec Utilities Limited,2019/02/28,2019/05/24,2019/05/31,,ETM38-F E6,VF180103,Yes,Yes,Iveco 50C15 E6,TBA,No,No,VDL Stk,,39031,No,No,,INS ETM38-F E6,ETM38-F E6,VDL2000-054,12433,0,,,
June,17574,472180,CUST1224,Scottish Power No11,2019/02/28,2019/06/21,2019/06/28,Collect,VOE36MHi,TBA,Yes,Yes,U530,WDB4052222V253980,Yes,No,FI,,115565,09437/09508/09832/10068/10164,No,,INS VOE36MHi,VOE36MHi,VDL2000-086,39389,0,,,
June,17575,472181,CUST1224,Scottish Power No12,2019/02/28,2019/06/21,2019/06/28,Collect,VOE36MHi,TBA,Yes,Yes,U530,WDB4052222V254131,No,No,FI,,115565,09438/09509/09833/10067/10165,No,,INS VOE36MHi,VOE36MHi,VDL2000-086,37237,0,,,
June,17699,480142,CUST1224,SSE PLC (Hitachi Capital),2019/02/28,2019/06/21,2019/06/28,,LAT-38-150-H,TBA,Yes,Yes,U218,WDB4050902V253537,Yes,No,FI,,55353,No,No,,INS LAT-38-150-H,LAT-38-150-H,VDL2000-089,0,0,,,
June,17700,480143,CUST1224,SSE PLC (Hitachi Capital),2019/02/28,2019/06/21,2019/06/28,,LAT-38-150-H,TBA,Yes,Yes,U218,WDB4050902V253568,Yes,No,FI,,55353,No,No,,INS LAT-38-150-H,LAT-38-150-H,VDL2000-089,0,0,,,
June,17576,4503070430,CUST685,N.I.E,2019/02/28,2019/06/21,2019/06/28,,VST40MHi ,KW180029,Yes,Yes,U530,WDB4052222V253093,Yes,No,FI,,87158.55,10179,No,,INS VST40MHi,VST40MHi,VDL2000-086,166548,0,,,
June,17551,P911017-397782,CUST71,Western Power No1,2019/02/28,2019/06/21,2019/06/28,,VST40MHi,TBA,Yes,Yes,U530,WDB4052222V251245,No,No,FI,,102015.64,10278,No,,INS VST40MHi,VST40MHi,VDL2000-086,29200,0,,,
June,17980,PO 1030,CUST1062,VTL-145-F No1 (Selector with screen) - Sparkx Ltd,2019/02/28,2019/06/21,2019/06/28,,VTL-145-F,TBA,No,No,Merc Sprinter 3.5T,WDB9076332P050131,Yes,No,FI,,35375,No,No,,INS VTL-145-F,VTL-145-F-S,VDL2000-079,0,0,,,
June,17981,PO 1030,CUST1062,VTL-145-F No2 (Selector with screen) - Sparkx Ltd,2019/02/28,2019/06/21,2019/06/28,,VTL-145-F,TBA,No,No,Merc Sprinter 3.5T,WDB9076332P050130,Yes,No,FI,,35375,No,No,,INS VTL-145-F,VTL-145-F-S,VDL2000-079,0,0,,,
June,17890,500392,CUST1224,VTL-145-F (Selector with screen) - SSE Hitachi Capital) No13,2019/02/28,2019/06/21,2019/06/28,,VTL-145-F,TBA,No,No,Iveco 50C15 E6,ZCFC150B305274829,No,No,FI,,37138,No,No,,INS VTL-145-F,VTL-145-F-S,VDL2000-073,0,0,,,
June,17891,500393,CUST1224,VTL-145-F (Selector with screen) - SSE Hitachi Capital) No14,2019/02/28,2019/06/21,2019/06/28,,VTL-145-F,TBA,No,No,Iveco 50C15 E6,ZCFC150B105274828,No,No,FI,,37138,No,No,,INS VTL-145-F,VTL-145-F-S,VDL2000-073,0,0,,,
June,17892,500394,CUST1224,VTL-145-F (Selector with screen) - SSE Hitachi Capital) No15,2019/02/28,2019/06/21,2019/06/28,,VTL-145-F,TBA,No,No,Iveco 50C15 E6,ZCFC150BX05274827,No,No,FI,,37138,No,No,,INS VTL-145-F,VTL-145-F-S,VDL2000-073,0,0,,,
June,17893,500395,CUST1224,VTL-145-F (Selector with screen) - SSE Hitachi Capital) No16,2019/02/28,2019/06/21,2019/06/28,,VTL-145-F,TBA,No,No,Iveco 50C15 E6,ZCFC150B805274826,No,No,FI,,37138,No,No,,INS VTL-145-F,VTL-145-F-S,VDL2000-073,0,0,,,
June,17894,500396,CUST1224,VTL-145-F (Selector with screen) - SSE Hitachi Capital) No17,2019/02/28,2019/06/21,2019/06/28,,VTL-145-F,TBA,No,No,Iveco 50C15 E6,ZCFC150B605274825,No,No,FI,,37138,No,No,,INS VTL-145-F,VTL-145-F-S,VDL2000-073,0,0,,,
June,17895,500397,CUST1224,VTL-145-F (Selector with screen) - SSE Hitachi Capital) No18,2019/02/28,2019/06/21,2019/06/28,,VTL-145-F,TBA,No,No,Iveco 50C15 E6,ZCFC150B305275124,No,No,FI,,37138,No,No,,INS VTL-145-F,VTL-145-F-S,VDL2000-073,0,0,,,
June,17896,500398,CUST1224,VTL-145-F (Selector with screen) - SSE Hitachi Capital) No19,2019/02/28,2019/06/21,2019/06/28,,VTL-145-F,TBA,No,No,Iveco 50C15 E6,ZCFC150B105275123,No,No,FI,,37138,No,No,,INS VTL-145-F,VTL-145-F-S,VDL2000-073,0,0,,,
June,17897,500399,CUST1224,VTL-145-F (Selector with screen) - SSE Hitachi Capital) No20,2019/02/28,2019/06/21,2019/06/28,,VTL-145-F,TBA,No,No,Iveco 50C15 E6,TBA,No,No,FI,,37138,No,No,,INS VTL-145-F,VTL-145-F-S,VDL2000-073,0,0,,,
June,17898,500400,CUST1224,VTL-145-F (Selector with screen) - SSE Hitachi Capital) No21,2019/02/28,2019/06/21,2019/06/28,,VTL-145-F,TBA,No,No,Iveco 50C15 E6,TBA,No,No,FI,,37138,No,No,,INS VTL-145-F,VTL-145-F-S,VDL2000-073,0,0,,,
June,17899,500401,CUST1224,VTL-145-F (Selector with screen) - SSE Hitachi Capital) No22,2019/02/28,2019/06/21,2019/06/28,,VTL-145-F,TBA,No,No,Iveco 50C15 E6,TBA,No,No,FI,,37138,No,No,,INS VTL-145-F,VTL-145-F-S,VDL2000-073,0,0,,,
June,17900,500402,CUST1224,VTL-145-F (Selector with screen) - SSE Hitachi Capital) No23,2019/02/28,2019/06/21,2019/06/28,,VTL-145-F,TBA,No,No,Iveco 50C15 E6,TBA,No,No,FI,,37138,No,No,,INS VTL-145-F,VTL-145-F-S,VDL2000-073,0,0,,,
June,17901,500403,CUST1224,VTL-145-F (Selector with screen) - SSE Hitachi Capital) No24,2019/02/28,2019/06/21,2019/06/28,,VTL-145-F,TBA,No,No,Iveco 50C15 E6,TBA,No,No,FI,,37138,No,No,,INS VTL-145-F,VTL-145-F-S,VDL2000-073,0,0,,,
June,17995,4199,CUST802,Northern Ireland Electricity - Isuzu D-Max E6 No10,2019/02/28,2019/06/21,2019/06/28,,LAT-38-135-H,TBA,No,No,Isuzu D-Max Euro 6,MPATFS87JJT010640,No,No,VDL Stk,,56414,No,No,,INS LAT-38-135-H E6 DMAX,LAT-38-135-H E6 (Isuzu),VDL2000-064,0,0,,,
June,17996,4200,CUST802,Northern Ireland Electricity - Isuzu D-Max E6 No11,2019/02/28,2019/06/21,2019/06/28,,LAT-38-135-H,TBA,No,No,Isuzu D-Max Euro 6,MPATFS87JJT010641,No,No,VDL Stk,,56414,No,No,,INS LAT-38-135-H E6 DMAX,LAT-38-135-H E6 (Isuzu),VDL2000-064,0,0,,,
June,17997,4201,CUST802,Northern Ireland Electricity - Isuzu D-Max E6 No12,2019/02/28,2019/06/21,2019/06/28,,LAT-38-135-H,TBA,No,No,Isuzu D-Max Euro 6,MPATFS87JJT010642,No,No,VDL Stk,,56414,No,No,,INS LAT-38-135-H E6 DMAX,LAT-38-135-H E6 (Isuzu),VDL2000-064,0,0,,,
June,19015,4202,CUST802,Northern Ireland Electricity - Isuzu D-Max E6 No13,2019/02/28,2019/06/21,2019/06/28,,LAT-38-135-H,TBA,No,No,Isuzu D-Max Euro 6,MPATFS87JJT010643,No,No,VDL Stk,,56414,No,No,,INS LAT-38-135-H E6 DMAX,LAT-38-135-H E6 (Isuzu),VDL2000-064,0,0,,,
June,19016,4203,CUST802,Northern Ireland Electricity - Isuzu D-Max E6 No14,2019/02/28,2019/06/21,2019/06/28,,LAT-38-135-H,TBA,No,No,Isuzu D-Max Euro 6,MPATFS87JJT010644,No,No,VDL Stk,,56414,No,No,,INS LAT-38-135-H E6 DMAX,LAT-38-135-H E6 (Isuzu),VDL2000-064,0,0,,,
June,17950,Danny Cooper 01.02.19 ,CUST430,Access Hire Nationwide No6,2019/02/28,2019/06/21,2019/06/28,Collect,ETL36-F ECO,VB190014,No,No,Ford Transit Euro 6,TBA,No,No,FI,,26760,No,No,,INS ETL36-F ECO,ETL36-F ECO,VDL2000-072,0,0,,,
June,17951,Danny Cooper 01.02.19 ,CUST430,Access Hire Nationwide No7,2019/02/28,2019/06/21,2019/06/28,Collect,ETL36-F ECO,VB190015,No,No,Ford Transit Euro 6,TBA,No,No,FI,,26760,No,No,,INS ETL36-F ECO,ETL36-F ECO,VDL2000-072,0,0,,,
June,17952,Danny Cooper 01.02.19 ,CUST430,Access Hire Nationwide No8,2019/02/28,2019/06/21,2019/06/28,Collect,ETL36-F ECO,VB190016,No,No,Ford Transit Euro 6,TBA,No,No,FI,,26760,No,No,,INS ETL36-F ECO,ETL36-F ECO,VDL2000-072,0,0,,,
June,19054,Danny Cooper 01.02.19 ,CUST430,Access Hire Nationwide No9,2019/02/28,2019/06/21,2019/06/28,Collect,ETL36-F ECO,TBA,No,No,Ford Transit Euro 6,TBA,No,No,FI,,26760,No,No,,INS ETL36-F ECO,ETL36-F ECO,VDL2000-072,0,0,,,
June,19055,Danny Cooper 01.02.19 ,CUST430,Access Hire Nationwide No10,2019/02/28,2019/06/21,2019/06/28,Collect,ETL36-F ECO,TBA,No,No,Ford Transit Euro 6,TBA,No,No,FI,,26760,No,No,,INS ETL36-F ECO,ETL36-F ECO,VDL2000-072,0,0,,,
June,19033,Mat Coombes 2501019,CUST212,VTL-135-F No13 (Selector with screen) - Centre Great No1,2019/02/28,2019/06/21,2019/06/28,,VTL-135-F,TBA,No,No,Ford Transit Euro 6,TBA,No,No,VDL Stk,,48500,No,No,,INS VTL-135-F,VTL-135-F-S,VDL2000-053,0,0,,,
June,19034,Mat Coombes 2501019,CUST212,VTL-135-F No13 (Selector with screen) - Centre Great No2,2019/02/28,2019/06/21,2019/06/28,,VTL-135-F,TBA,No,No,Ford Transit Euro 6,TBA,No,No,VDL Stk,,48500,No,No,,INS VTL-135-F,VTL-135-F-S,VDL2000-053,0,0,,,
June,19035,Mat Coombes 2501019,CUST212,VTL-135-F No13 (Selector with screen) - Centre Great No3,2019/02/28,2019/06/21,2019/06/28,,VTL-135-F,TBA,No,No,Ford Transit Euro 6,TBA,No,No,VDL Stk,,48500,No,No,,INS VTL-135-F,VTL-135-F-S,VDL2000-053,0,0,,,
June,17984,TBC,CUST919,VTL-145-F (Selector with screen) - Ringway No1,2019/02/28,2019/06/21,2019/06/28,,VTL-145- F,TBA,No,No,Mercedes Sprinter 5T,TBA,No,No,FI,,40395,No,No,,INS VTL-145-F,VTL-145-F-S,VDL2000-080,0,0,,,
June,19120,TBC,CUST919,VTL-145-F (Selector with screen) - Ringway No2,2019/02/28,2019/06/21,2019/06/28,,VTL-145- F,TBA,No,No,Mercedes Sprinter 5T,TBA,No,No,FI,,40395,No,No,,INS VTL-145-F,VTL-145-F-S,VDL2000-080,0,0,,,
July,17591,P911753-397783,CUST71,Western Power No2,2019/02/28,2019/07/24,2019/07/31,,VST40MHi,TBA,Yes,Yes,U530,WDB4052222V251270,No,No,FI,,102015.64,10279,No,,INS VST40MHi,VST40MHi,VDL2000-086,29281,0,,,
July,17939,500369,CUST1224,SSE No1 (Hitachi Capital),2019/02/28,2019/07/24,2019/07/31,,ETL36-F ECO,VB190003,No,No,Ford Transit Euro 6,TBA,No,No,FI,,31820,No,No,,INS ETL36-F ECO,ETL36-F ECO,VDL2000-072,0,0,,,
July,17940,500370,CUST1224,SSE No2 (Hitachi Capital),2019/02/28,2019/07/24,2019/07/31,,ETL36-F ECO,VB190004,No,No,Ford Transit Euro 6,TBA,No,No,FI,,31820,No,No,,INS ETL36-F ECO,ETL36-F ECO,VDL2000-072,0,0,,,
July,17941,500371,CUST1224,SSE No3 (Hitachi Capital),2019/02/28,2019/07/24,2019/07/31,,ETL36-F ECO,VB190005,No,No,Ford Transit Euro 6,TBA,No,No,FI,,31820,No,No,,INS ETL36-F ECO,ETL36-F ECO,VDL2000-072,0,0,,,
July,17942,500372,CUST1224,SSE No4 (Hitachi Capital),2019/02/28,2019/07/24,2019/07/31,,ETL36-F ECO,VB190006,No,No,Ford Transit Euro 6,TBA,No,No,FI,,31820,No,No,,INS ETL36-F ECO,ETL36-F ECO,VDL2000-072,0,0,,,
July,17943,500373,CUST1224,SSE No5 (Hitachi Capital),2019/02/28,2019/07/24,2019/07/31,,ETL36-F ECO,VB190007,No,No,Ford Transit Euro 6,TBA,No,No,FI,,31820,No,No,,INS ETL36-F ECO,ETL36-F ECO,VDL2000-072,0,0,,,
July,17944,500374,CUST1224,SSE No6 (Hitachi Capital),2019/02/28,2019/07/24,2019/07/31,,ETL36-F ECO,VB190008,No,No,Ford Transit Euro 6,TBA,No,No,FI,,31820,No,No,,INS ETL36-F ECO,ETL36-F ECO,VDL2000-072,0,0,,,
July,17775,Paul Hampson ,P0040,Vinci Group (Peoples Ford) No1,2019/02/28,2019/07/24,2019/07/31,,VTL-135-F,TBA,No,No,Ford Transit Euro 6,TBA,No,No,FI,,29432,No,No,,INS VTL-135-F,VTL-135-F-S,VDL2000-072,0,0,,,
July,17776,Paul Hampson ,P0040,Vinci Group (Peoples Ford) No2,2019/02/28,2019/07/24,2019/07/31,,VTL-135-F,TBA,No,No,Ford Transit Euro 7,TBA,No,No,FI,,29432,No,No,,INS VTL-135-F,VTL-135-F-S,VDL2000-072,0,0,,,
July,17777,Paul Hampson ,P0040,Vinci Group (Peoples Ford) No3,2019/02/28,2019/07/24,2019/07/31,,VTL-135-F,TBA,No,No,Ford Transit Euro 8,TBA,No,No,FI,,29432,No,No,,INS VTL-135-F,VTL-135-F-S,VDL2000-072,0,0,,,
July,17778,Paul Hampson ,P0040,Vinci Group (Peoples Ford) No4,2019/02/28,2019/07/24,2019/07/31,,VTL-135-F,TBA,No,No,Ford Transit Euro 9,TBA,No,No,FI,,29432,No,No,,INS VTL-135-F,VTL-135-F-S,VDL2000-072,0,0,,,
July,17779,Paul Hampson ,P0040,Vinci Group (Peoples Ford) No5,2019/02/28,2019/07/24,2019/07/31,,VTL-135-F,TBA,No,No,Ford Transit Euro 10,TBA,No,No,FI,,29432,No,No,,INS VTL-135-F,VTL-135-F-S,VDL2000-072,0,0,,,
July,19056,Danny Cooper 01.02.19 ,CUST430,Access Hire Nationwide No11,2019/02/28,2019/07/24,2019/07/31,Collect,ETL36-F ECO,TBA,No,No,Ford Transit Euro 6,TBA,No,No,FI,,26760,No,No,,INS ETL36-F ECO,ETL36-F ECO,VDL2000-072,0,0,,,
July,19057,Danny Cooper 01.02.19 ,CUST430,Access Hire Nationwide No12,2019/02/28,2019/07/24,2019/07/31,Collect,ETL36-F ECO,TBA,No,No,Ford Transit Euro 6,TBA,No,No,FI,,26760,No,No,,INS ETL36-F ECO,ETL36-F ECO,VDL2000-072,0,0,,,
July,19058,Danny Cooper 01.02.19 ,CUST430,Access Hire Nationwide No13,2019/02/28,2019/07/24,2019/07/31,Collect,ETL36-F ECO,TBA,No,No,Ford Transit Euro 6,TBA,No,No,FI,,26760,No,No,,INS ETL36-F ECO,ETL36-F ECO,VDL2000-072,0,0,,,
July,19059,Danny Cooper 01.02.19 ,CUST430,Access Hire Nationwide No14,2019/02/28,2019/07/24,2019/07/31,Collect,ETL36-F ECO,TBA,No,No,Ford Transit Euro 6,TBA,No,No,FI,,26760,No,No,,INS ETL36-F ECO,ETL36-F ECO,VDL2000-072,0,0,,,
July,19060,Danny Cooper 01.02.19 ,CUST430,Access Hire Nationwide No15,2019/02/28,2019/07/24,2019/07/31,Collect,ETL36-F ECO,TBA,No,No,Ford Transit Euro 6,TBA,No,No,FI,,26760,No,No,,INS ETL36-F ECO,ETL36-F ECO,VDL2000-072,0,0,,,
July,17982,4240650402,CUST919,Eurovia Contracting,2019/02/28,2019/07/24,2019/07/31,,VTL-145- F,TBA,No,No,Mercedes Sprinter 5T,TBA,No,No,FI,,40395,No,No,,INS VTL-145-F,VTL-145-F-S,VDL2000-080,0,0,,,
July,19036,Mat Coombes 2501019,CUST212,VTL-135-F No13 (Selector with screen) - Centre Great No4,2019/02/28,2019/07/24,2019/07/31,,VTL-135-F,TBA,No,No,Ford Transit Euro 6,TBA,No,No,VDL Stk,,48500,No,No,,INS VTL-135-F,VTL-135-F-S,VDL2000-053,0,0,,,
July,19037,Mat Coombes 2501019,CUST212,VTL-135-F No13 (Selector with screen) - Centre Great No5,2019/02/28,2019/07/24,2019/07/31,,VTL-135-F,TBA,No,No,Ford Transit Euro 6,TBA,No,No,VDL Stk,,48500,No,No,,INS VTL-135-F,VTL-135-F-S,VDL2000-053,0,0,,,
July,19038,Mat Coombes 2501019,CUST212,VTL-135-F No13 (Selector with screen) - Centre Great No6,2019/02/28,2019/07/24,2019/07/31,,VTL-135-F,TBA,No,No,Ford Transit Euro 6,TBA,No,No,VDL Stk,,48500,No,No,,INS VTL-135-F,VTL-135-F-S,VDL2000-053,0,0,,,
July,17983,4240701831,CUST919,VTL-145-F (Selector with screen) - Ringway,2019/02/28,2019/07/24,2019/07/31,,VTL-145- F,TBA,No,No,Mercedes Sprinter 5T,TBA,No,No,FI,,40395,No,No,,INS VTL-145-F,VTL-145-F-S,VDL2000-080,0,0,,,
July,17907,PO 1040,CUST1062,VTL-145-F  (Dual joystick & screen) - Sparkx Ltd,2019/02/28,2019/07/24,2019/07/31,,VTL-145- F,TBA,No,No,Mercedes Sprinter 5T 4x4,TBA,No,No,FI,,40974,No,No,,INS VTL-145-F,VTL-145-F-D,VDL2000-080,0,0,,,
July,17908,PO 1040,CUST1062,VTL-145-F  (Dual joystick & screen) - Sparkx Ltd,2019/02/28,2019/07/24,2019/07/31,,VTL-145- F,TBA,No,No,Mercedes Sprinter 5T 4x4,TBA,No,No,FI,,40974,No,No,,INS VTL-145-F,VTL-145-F-D,VDL2000-080,0,0,,,
August,17934,3500080773,CUST720,ESB Networks Ltd,2019/02/28,2019/08/23,2019/08/30,,SST37-EIH,TBA,No,No,Isuzu n75-100,TBA,No,No,FI,,78850,No,No,,INS SST37 EiH,SST37 EiH,VDL2000-088,0,0,,,
August,17935,3500080775,CUST720,ESB Networks Ltd,2019/02/28,2019/08/23,2019/08/30,,SST37-EIH,TBA,No,No,Isuzu n75-100,TBA,No,No,FI,,78850,No,No,,INS SST37 EiH,SST37 EiH,VDL2000-088,0,0,,,
August,17936,3500080790,CUST720,ESB Networks Ltd,2019/02/28,2019/08/23,2019/08/30,,SST37-EIH,TBA,No,No,Isuzu n75-100,TBA,No,No,FI,,78850,No,No,,INS SST37 EiH,SST37 EiH,VDL2000-088,0,0,,,
August,17998,3500092360,CUST720,ESB Networks Ltd,2019/02/28,2019/08/23,2019/08/30,,SST37-EIH,TBA,No,No,Isuzu n75-100,TBA,No,No,FI,,78850,No,No,,INS SST37 EiH,SST37 EiH,VDL2000-088,0,0,,,
August,17592,P911516-397948,CUST71,Western Power No3,2019/02/28,2019/08/23,2019/08/30,,VST40MHi,TBA,Yes,Yes,U530,TBA,No,No,FI,,102015.64,10280,No,,INS VST40MHi,VST40MHi,VDL2000-086,29281,0,,,
August,17953,500404,CUST1224,VTL-145-F (Selector with screen) - SSE Hitachi Capital) No25,2019/02/28,2019/08/23,2019/08/30,,VTL-145-F,TBA,No,No,Iveco 50C15 E6,TBA,No,No,FI,,37138,No,No,,INS VTL-145-F,VTL-145-F-S,VDL2000-073,0,0,,,
August,17954,500405,CUST1224,VTL-145-F (Selector with screen) - SSE Hitachi Capital) No26,2019/02/28,2019/08/23,2019/08/30,,VTL-145-F,TBA,No,No,Iveco 50C15 E6,TBA,No,No,FI,,37138,No,No,,INS VTL-145-F,VTL-145-F-S,VDL2000-073,0,0,,,
August,17955,500406,CUST1224,VTL-145-F (Selector with screen) - SSE Hitachi Capital) No27,2019/02/28,2019/08/23,2019/08/30,,VTL-145-F,TBA,No,No,Iveco 50C15 E6,TBA,No,No,FI,,37138,No,No,,INS VTL-145-F,VTL-145-F-S,VDL2000-073,0,0,,,
August,17956,500407,CUST1224,VTL-145-F (Selector with screen) - SSE Hitachi Capital) No28,2019/02/28,2019/08/23,2019/08/30,,VTL-145-F,TBA,No,No,Iveco 50C15 E6,TBA,No,No,FI,,37138,No,No,,INS VTL-145-F,VTL-145-F-S,VDL2000-073,0,0,,,
August,17957,500408,CUST1224,VTL-145-F (Selector with screen) - SSE Hitachi Capital) No29,2019/02/28,2019/08/23,2019/08/30,,VTL-145-F,TBA,No,No,Iveco 50C15 E6,TBA,No,No,FI,,37138,No,No,,INS VTL-145-F,VTL-145-F-S,VDL2000-073,0,0,,,
August,17958,500409,CUST1224,VTL-145-F (Selector with screen) - SSE Hitachi Capital) No30,2019/02/28,2019/08/23,2019/08/30,,VTL-145-F,TBA,No,No,Iveco 50C15 E6,TBA,No,No,FI,,37138,No,No,,INS VTL-145-F,VTL-145-F-S,VDL2000-073,0,0,,,
August,17959,500410,CUST1224,VTL-145-F (Selector with screen) - SSE Hitachi Capital) No31,2019/02/28,2019/08/23,2019/08/30,,VTL-145-F,TBA,No,No,Iveco 50C15 E6,TBA,No,No,FI,,37138,No,No,,INS VTL-145-F,VTL-145-F-S,VDL2000-073,0,0,,,
August,17960,500411,CUST1224,VTL-145-F (Selector with screen) - SSE Hitachi Capital) No32,2019/02/28,2019/08/23,2019/08/30,,VTL-145-F,TBA,No,No,Iveco 50C15 E6,TBA,No,No,FI,,37138,No,No,,INS VTL-145-F,VTL-145-F-S,VDL2000-073,0,0,,,
August,17961,500412,CUST1224,VTL-145-F (Selector with screen) - SSE Hitachi Capital) No33,2019/02/28,2019/08/23,2019/08/30,,VTL-145-F,TBA,No,No,Iveco 50C15 E6,TBA,No,No,FI,,37138,No,No,,INS VTL-145-F,VTL-145-F-S,VDL2000-073,0,0,,,
August,17962,500413,CUST1224,VTL-145-F (Selector with screen) - SSE Hitachi Capital) No34,2019/02/28,2019/08/23,2019/08/30,,VTL-145-F,TBA,No,No,Iveco 50C15 E6,TBA,No,No,FI,,37138,No,No,,INS VTL-145-F,VTL-145-F-S,VDL2000-073,0,0,,,
August,17963,500414,CUST1224,VTL-145-F (Selector with screen) - SSE Hitachi Capital) No35,2019/02/28,2019/08/23,2019/08/30,,VTL-145-F,TBA,No,No,Iveco 50C15 E6,ZCFC150BX05283480,Yes,No,FI,,37138,No,No,,INS VTL-145-F,VTL-145-F-S,VDL2000-073,0,0,,,
August,17964,500415,CUST1224,VTL-145-F (Selector with screen) - SSE Hitachi Capital) No36,2019/02/28,2019/08/23,2019/08/30,,VTL-145-F,TBA,No,No,Iveco 50C15 E6,ZCFC150B305283479,Yes,No,FI,,37138,No,No,,INS VTL-145-F,VTL-145-F-S,VDL2000-073,0,0,,,
August,17965,500416,CUST1224,VTL-145-F (Selector with screen) - SSE Hitachi Capital) No37,2019/02/28,2019/08/23,2019/08/30,,VTL-145-F,TBA,No,No,Iveco 50C15 E6,TBA,No,No,FI,,37138,No,No,,INS VTL-145-F,VTL-145-F-S,VDL2000-073,0,0,,,
August,19000,PO to follow,CUST1392,Survey Roofing No1,2019/02/28,2019/08/23,2019/08/30,,VTX-240-E6,TBA,No,No,Iveco Daily 50C CC,TBA,No,No,VDL Stk,,127027,No,No,,INS VTX-240,VTX-240,VDL2000-058,0,0,,,
August,19001,PO to follow,CUST1392,Survey Roofing No2,2019/02/28,2019/08/23,2019/08/30,,VTX-240-E6,TBA,No,No,Iveco Daily 50C CC,TBA,No,No,VDL Stk,,127027,No,No,,INS VTX-240,VTX-240,VDL2000-058,0,0,,,
August,19002,PO to follow,CUST1392,Survey Roofing No3,2019/02/28,2019/08/23,2019/08/30,,VTX-240-E6,TBA,No,No,Iveco Daily 50C CC,TBA,No,No,VDL Stk,,127027,No,No,,INS VTX-240,VTX-240,VDL2000-058,0,0,,,
August,19003,PO to follow,CUST1392,Survey Roofing No4,2019/02/28,2019/08/23,2019/08/30,,VTX-240-E6,TBA,No,No,Iveco Daily 50C CC,TBA,No,No,VDL Stk,,127027,No,No,,INS VTX-240,VTX-240,VDL2000-058,0,0,,,
August,19004,PO to follow,CUST1392,Survey Roofing No5,2019/02/28,2019/08/23,2019/08/30,,VTX-240-E6,TBA,No,No,Iveco Daily 50C CC,TBA,No,No,VDL Stk,,127027,No,No,,INS VTX-240,VTX-240,VDL2000-058,0,0,,,
August,19005,PO to follow,CUST1392,Survey Roofing No6,2019/02/28,2019/08/23,2019/08/30,Collect,VTX-240-E6,TBA,No,No,Iveco Daily 50C CC,TBA,No,No,VDL Stk,,127027,No,No,,INS VTX-240,VTX-240,VDL2000-058,0,0,,,
August,19061,Danny Cooper 01.02.19 ,CUST430,Access Hire Nationwide No16,2019/02/28,2019/08/23,2019/08/30,Collect,ETL36-F ECO,TBA,No,No,Ford Transit Euro 6,TBA,No,No,FI,,26760,No,No,,INS ETL36-F ECO,ETL36-F ECO,VDL2000-072,0,0,,,
August,19062,Danny Cooper 01.02.19 ,CUST430,Access Hire Nationwide No17,2019/02/28,2019/08/23,2019/08/30,Collect,ETL36-F ECO,TBA,No,No,Ford Transit Euro 6,TBA,No,No,FI,,26760,No,No,,INS ETL36-F ECO,ETL36-F ECO,VDL2000-072,0,0,,,
August,19063,Danny Cooper 01.02.19 ,CUST430,Access Hire Nationwide No18,2019/02/28,2019/08/23,2019/08/30,Collect,ETL36-F ECO,TBA,No,No,Ford Transit Euro 6,TBA,No,No,FI,,26760,No,No,,INS ETL36-F ECO,ETL36-F ECO,VDL2000-072,0,0,,,
August,19064,Danny Cooper 01.02.19 ,CUST430,Access Hire Nationwide No19,2019/02/28,2019/08/23,2019/08/30,Collect,ETL36-F ECO,TBA,No,No,Ford Transit Euro 6,TBA,No,No,FI,,26760,No,No,,INS ETL36-F ECO,ETL36-F ECO,VDL2000-072,0,0,,,
August,19065,Danny Cooper 01.02.19 ,CUST430,Access Hire Nationwide No20,2019/02/28,2019/08/23,2019/08/30,Collect,ETL36-F ECO,TBA,No,No,Ford Transit Euro 6,TBA,No,No,FI,,26760,No,No,,INS ETL36-F ECO,ETL36-F ECO,VDL2000-072,0,0,,,
August,17683,1521678,CUST1083,Lex Autolease (Channel Tunnel Group),2019/02/28,2019/08/23,2019/08/30,,ETL36-F E6,TBA,Yes,Yes,Ford Transit Euro 6,TBA,No,No,VDL Stk,,56781,10216,No,,INS ETL36-F E6,ETL36-F E6,VDL2000-053,12500,0,,,
September,17586,P911070-397786,CUST71,Western Power No1,2019/02/28,2019/09/20,2019/09/27,,VOE36MHi,TBA,Yes,Yes,U530,WDB4052222V251215,Yes,No,FI,,107501,No,No,,INS VOE36MHi,VOE36MHi,VDL2000-086,28709,0,,,
September,17966,500417,CUST1224,VTL-145-F (Selector with screen) - SSE Hitachi Capital) No38,2019/02/28,2019/09/20,2019/09/27,,VTL-145-F,TBA,No,No,Iveco 50C15 E6,ZCFC150BX05283477,Yes,No,FI,,37138,No,No,,INS VTL-145-F,VTL-145-F-S,VDL2000-073,0,0,,,
September,17967,500418,CUST1224,VTL-145-F (Selector with screen) - SSE Hitachi Capital) No39,2019/02/28,2019/09/20,2019/09/27,,VTL-145-F,TBA,No,No,Iveco 50C15 E6,TBA,No,No,FI,,37138,No,No,,INS VTL-145-F,VTL-145-F-S,VDL2000-073,0,0,,,
September,17968,500419,CUST1224,VTL-145-F (Selector with screen) - SSE Hitachi Capital) No40,2019/02/28,2019/09/20,2019/09/27,,VTL-145-F,TBA,No,No,Iveco 50C15 E6,TBA,No,No,FI,,37138,No,No,,INS VTL-145-F,VTL-145-F-S,VDL2000-073,0,0,,,
September,17969,500420,CUST1224,VTL-145-F (Selector with screen) - SSE Hitachi Capital) No41,2019/02/28,2019/09/20,2019/09/27,,VTL-145-F,TBA,No,No,Iveco 50C15 E6,ZCFC150B805284109,Yes,No,FI,,37138,No,No,,INS VTL-145-F,VTL-145-F-S,VDL2000-073,0,0,,,
September,17970,500421,CUST1224,VTL-145-F (Selector with screen) - SSE Hitachi Capital) No42,2019/02/28,2019/09/20,2019/09/27,,VTL-145-F,TBA,No,No,Iveco 50C15 E6,ZCFC150B605284108,Yes,No,FI,,37138,No,No,,INS VTL-145-F,VTL-145-F-S,VDL2000-073,0,0,,,
September,17971,500422,CUST1224,VTL-145-F (Selector with screen) - SSE Hitachi Capital) No43,2019/02/28,2019/09/20,2019/09/27,,VTL-145-F,TBA,No,No,Iveco 50C15 E6,TBA,No,No,FI,,37138,No,No,,INS VTL-145-F,VTL-145-F-S,VDL2000-073,0,0,,,
September,17972,500423,CUST1224,VTL-145-F (Selector with screen) - SSE Hitachi Capital) No44,2019/02/28,2019/09/20,2019/09/27,,VTL-145-F,TBA,No,No,Iveco 50C15 E6,ZCFC150B405274824,No,No,FI,,37138,No,No,,INS VTL-145-F,VTL-145-F-S,VDL2000-073,0,0,,,
September,17973,500424,CUST1224,VTL-145-F (Selector with screen) - SSE Hitachi Capital) No45,2019/02/28,2019/09/20,2019/09/27,,VTL-145-F,TBA,No,No,Iveco 50C15 E6,ZCFC150B205274823,No,No,FI,,37138,No,No,,INS VTL-145-F,VTL-145-F-S,VDL2000-073,0,0,,,
September,17974,500425,CUST1224,VTL-145-F (Selector with screen) - SSE Hitachi Capital) No46,2019/02/28,2019/09/20,2019/09/27,,VTL-145-F,TBA,No,No,Iveco 50C15 E6,ZCFC150B905274821,No,No,FI,,37138,No,No,,INS VTL-145-F,VTL-145-F-S,VDL2000-073,0,0,,,
September,17975,500426,CUST1224,VTL-145-F (Selector with screen) - SSE Hitachi Capital) No47,2019/02/28,2019/09/20,2019/09/27,,VTL-145-F,TBA,No,No,Iveco 50C15 E6,ZCFC150B905275127,No,No,FI,,37138,No,No,,INS VTL-145-F,VTL-145-F-S,VDL2000-073,0,0,,,
September,17976,500427,CUST1224,VTL-145-F (Selector with screen) - SSE Hitachi Capital) No48,2019/02/28,2019/09/20,2019/09/27,,VTL-145-F,TBA,No,No,Iveco 50C15 E6,ZCFC150B705275126,No,No,FI,,37138,No,No,,INS VTL-145-F,VTL-145-F-S,VDL2000-073,0,0,,,
September,17977,500428,CUST1224,VTL-145-F (Selector with screen) - SSE Hitachi Capital) No49,2019/02/28,2019/09/20,2019/09/27,,VTL-145-F,TBA,No,No,Iveco 50C15 E6,ZCFC150B505275125,No,No,FI,,37138,No,No,,INS VTL-145-F,VTL-145-F-S,VDL2000-073,0,0,,,
September,19044,TAM/agi.1670,CUST721,Nationwide Platforms No1,2019/02/28,2019/09/20,2019/09/27,,ETL36-F ECO,TBA,No,No,Ford Transit Euro 6,WFOXXTTGXKK55249,No,No,VDL Stk,,50780,10256,No,,INS ETL36-F ECO,ETL36-F ECO,VDL2000-053,0,0,,,
September,19045,TAM/agi.1670,CUST721,Nationwide Platforms No2,2019/02/28,2019/09/20,2019/09/27,,ETL36-F ECO,TBA,No,No,Ford Transit Euro 6,WFOXXTTGXKK55255,No,No,VDL Stk,,50780,10257,No,,INS ETL36-F ECO,ETL36-F ECO,VDL2000-053,0,0,,,
September,19046,TAM/agi.1670,CUST721,Nationwide Platforms No3,2019/02/28,2019/09/20,2019/09/27,,ETL36-F ECO,TBA,No,No,Ford Transit Euro 6,WFOXXTTGXKK55257,No,No,VDL Stk,,50780,10258,No,,INS ETL36-F ECO,ETL36-F ECO,VDL2000-053,0,0,,,
September,19047,TAM/agi.1670,CUST721,Nationwide Platforms No4,2019/02/28,2019/09/20,2019/09/27,,ETL36-F ECO,TBA,No,No,Ford Transit Euro 6,WFOXXTTGXKK55258,No,No,VDL Stk,,50780,10259,No,,INS ETL36-F ECO,ETL36-F ECO,VDL2000-053,0,0,,,
September,19048,TAM/agi.1670,CUST721,Nationwide Platforms No5,2019/02/28,2019/09/20,2019/09/27,,ETL36-F ECO,TBA,No,No,Ford Transit Euro 6,WFOXXTTGXKK55256,No,No,VDL Stk,,50780,10260,No,,INS ETL36-F ECO,ETL36-F ECO,VDL2000-053,0,0,,,
September,19006,PO to follow,CUST1392,Survey Roofing No7,2019/02/28,2019/09/20,2019/09/27,,VTX-240-E6,TBA,No,No,Iveco Daily 50C CC,TBA,No,No,VDL Stk,,127027,No,No,,INS VTX-240,VTX-240,VDL2000-058,0,0,,,
September,19007,PO to follow,CUST1392,Survey Roofing No8,2019/02/28,2019/09/20,2019/09/27,,VTX-240-E6,TBA,No,No,Iveco Daily 50C CC,TBA,No,No,VDL Stk,,127027,No,No,,INS VTX-240,VTX-240,VDL2000-058,0,0,,,
September,19008,PO to follow,CUST1392,Survey Roofing No9,2019/02/28,2019/09/20,2019/09/27,,VTX-240-E6,TBA,No,No,Iveco Daily 50C CC,TBA,No,No,VDL Stk,,127027,No,No,,INS VTX-240,VTX-240,VDL2000-058,0,0,,,
September,19009,PO to follow,CUST1392,Survey Roofing No10,2019/02/28,2019/09/20,2019/09/27,,VTX-240-E6,TBA,No,No,Iveco Daily 50C CC,TBA,No,No,VDL Stk,,127027,No,No,,INS VTX-240,VTX-240,VDL2000-058,0,0,,,
September,19010,PO to follow,CUST1392,Survey Roofing No11,2019/02/28,2019/09/20,2019/09/27,,VTX-240-E6,TBA,No,No,Iveco Daily 50C CC,TBA,No,No,VDL Stk,,127027,No,No,,INS VTX-240,VTX-240,VDL2000-058,0,0,,,
September,19011,PO to follow,CUST1392,Survey Roofing No12,2019/02/28,2019/09/20,2019/09/27,,VTX-240-E6,TBA,No,No,Iveco Daily 50C CC,TBA,No,No,VDL Stk,,127027,No,No,,INS VTX-240,VTX-240,VDL2000-058,0,0,,,
September,19012,PO to follow,CUST1392,Survey Roofing No13,2019/02/28,2019/09/20,2019/09/27,,VTX-240-E6,TBA,No,No,Iveco Daily 50C CC,TBA,No,No,VDL Stk,,127027,No,No,,INS VTX-240,VTX-240,VDL2000-058,0,0,,,
September,19013,PO to follow,CUST1392,Survey Roofing No14,2019/02/28,2019/09/20,2019/09/27,,VTX-240-E6,TBA,No,No,Iveco Daily 50C CC,TBA,No,No,VDL Stk,,127027,No,No,,INS VTX-240,VTX-240,VDL2000-058,0,0,,,
September,19014,PO to follow,CUST1392,Survey Roofing No15,2019/02/28,2019/09/20,2019/09/27,,VTX-240-E6,TBA,No,No,Iveco Daily 50C CC,TBA,No,No,VDL Stk,,127027,No,No,,INS VTX-240,VTX-240,VDL2000-058,0,0,,,
September,19066,Danny Cooper 01.02.19 ,CUST430,Access Hire Nationwide No21,2019/02/28,2019/09/20,2019/09/27,Collect,ETL36-F ECO,TBA,No,No,Ford Transit Euro 6,TBA,No,No,FI,,26760,No,No,,INS ETL36-F ECO,ETL36-F ECO,VDL2000-072,0,0,,,
September,19067,Danny Cooper 01.02.19 ,CUST430,Access Hire Nationwide No22,2019/02/28,2019/09/20,2019/09/27,Collect,ETL36-F ECO,TBA,No,No,Ford Transit Euro 6,TBA,No,No,FI,,26760,No,No,,INS ETL36-F ECO,ETL36-F ECO,VDL2000-072,0,0,,,
September,19068,Danny Cooper 01.02.19 ,CUST430,Access Hire Nationwide No23,2019/02/28,2019/09/20,2019/09/27,Collect,ETL36-F ECO,TBA,No,No,Ford Transit Euro 6,TBA,No,No,FI,,26760,No,No,,INS ETL36-F ECO,ETL36-F ECO,VDL2000-072,0,0,,,
September,19069,Danny Cooper 01.02.19 ,CUST430,Access Hire Nationwide No24,2019/02/28,2019/09/20,2019/09/27,Collect,ETL36-F ECO,TBA,No,No,Ford Transit Euro 6,TBA,No,No,FI,,26760,No,No,,INS ETL36-F ECO,ETL36-F ECO,VDL2000-072,0,0,,,
September,19070,Danny Cooper 01.02.19 ,CUST430,Access Hire Nationwide No25,2019/02/28,2019/09/20,2019/09/27,Collect,ETL36-F ECO,TBA,No,No,Ford Transit Euro 6,TBA,No,No,FI,,26760,No,No,,INS ETL36-F ECO,ETL36-F ECO,VDL2000-072,0,0,,,
October,17587,P911070-397786,CUST71,Western Power No2,2019/02/28,2019/10/24,2019/10/31,,VOE36MHi,TBA,Yes,Yes,U530,WDB4052222V251279,Yes,No,FI,,107501,No,No,,INS VOE36MHi,VOE36MHi,VDL2000-086,28626,0,,,
October,17588,P911070-397786,CUST71,Western Power No3,2019/02/28,2019/10/24,2019/10/31,,VOE36MHi,TBA,Yes,Yes,U530,WDB4052222V251300,No,No,FI,,107501,No,No,,INS VOE36MHi,VOE36MHi,VDL2000-086,28562,0,,,
October,19049,TAM/agi.1670,CUST721,Nationwide Platforms No6,2019/02/28,2019/10/24,2019/10/31,,ETL36-F ECO,TBA,No,No,Ford Transit Euro 6,WFOXXTTGXKK55250,No,No,VDL Stk,,50780,10261,No,,INS ETL36-F ECO,ETL36-F ECO,VDL2000-053,0,0,,,
October,19050,TAM/agi.1670,CUST721,Nationwide Platforms No7,2019/02/28,2019/10/24,2019/10/31,,ETL36-F ECO,TBA,No,No,Ford Transit Euro 6,WFOXXTTGXKK55251,No,No,VDL Stk,,50780,10262,No,,INS ETL36-F ECO,ETL36-F ECO,VDL2000-053,0,0,,,
October,19051,TAM/agi.1670,CUST721,Nationwide Platforms No8,2019/02/28,2019/10/24,2019/10/31,,ETL36-F ECO,TBA,No,No,Ford Transit Euro 6,WFOXXTTGXKK55252,No,No,VDL Stk,,50780,10263,No,,INS ETL36-F ECO,ETL36-F ECO,VDL2000-053,0,0,,,
October,19052,TAM/agi.1670,CUST721,Nationwide Platforms No9,2019/02/28,2019/10/24,2019/10/31,,ETL36-F ECO,TBA,No,No,Ford Transit Euro 6,WFOXXTTGXKK55253,No,No,VDL Stk,,50780,10264,No,,INS ETL36-F ECO,ETL36-F ECO,VDL2000-053,0,0,,,
October,19053,TAM/agi.1670,CUST721,Nationwide Platforms No10,2019/02/28,2019/10/24,2019/10/31,,ETL36-F ECO,TBA,No,No,Ford Transit Euro 6,WFOXXTTGXKK55254,No,No,VDL Stk,,50780,10265,No,,INS ETL36-F ECO,ETL36-F ECO,VDL2000-053,0,0,,,
October,19071,Danny Cooper 01.02.19 ,CUST430,Access Hire Nationwide No26,2019/02/28,2019/10/24,2019/10/31,Collect,ETL36-F ECO,TBA,No,No,Ford Transit Euro 6,TBA,No,No,FI,,26760,No,No,,INS ETL36-F ECO,ETL36-F ECO,VDL2000-072,0,0,,,
October,19072,Danny Cooper 01.02.19 ,CUST430,Access Hire Nationwide No27,2019/02/28,2019/10/24,2019/10/31,Collect,ETL36-F ECO,TBA,No,No,Ford Transit Euro 6,TBA,No,No,FI,,26760,No,No,,INS ETL36-F ECO,ETL36-F ECO,VDL2000-072,0,0,,,
October,19073,Danny Cooper 01.02.19 ,CUST430,Access Hire Nationwide No28,2019/02/28,2019/10/24,2019/10/31,Collect,ETL36-F ECO,TBA,No,No,Ford Transit Euro 6,TBA,No,No,FI,,26760,No,No,,INS ETL36-F ECO,ETL36-F ECO,VDL2000-072,0,0,,,
October,19074,Danny Cooper 01.02.19 ,CUST430,Access Hire Nationwide No29,2019/02/28,2019/10/24,2019/10/31,Collect,ETL36-F ECO,TBA,No,No,Ford Transit Euro 6,TBA,No,No,FI,,26760,No,No,,INS ETL36-F ECO,ETL36-F ECO,VDL2000-072,0,0,,,
October,19075,Danny Cooper 01.02.19 ,CUST430,Access Hire Nationwide No30,2019/02/28,2019/10/24,2019/10/31,Collect,ETL36-F ECO,TBA,No,No,Ford Transit Euro 6,TBA,No,No,FI,,26760,No,No,,INS ETL36-F ECO,ETL36-F ECO,VDL2000-072,0,0,,,
October,19017,4238,CUST802,Northern Ireland Electricity - Isuzu D-Max E6 No1,2019/02/28,2019/10/24,2019/10/31,,LAT-38-135-H,TBA,No,No,Isuzu D-Max Euro 6,TBA,No,No,VDL Stk,,56109,No,No,,INS LAT-38-135-H E6 DMAX,LAT-38-135-H E6 (Isuzu),VDL2000-064,0,0,,,
October,19018,4239,CUST802,Northern Ireland Electricity - Isuzu D-Max E6 No2,2019/02/28,2019/10/24,2019/10/31,,LAT-38-135-H,TBA,No,No,Isuzu D-Max Euro 6,TBA,No,No,VDL Stk,,56109,No,No,,INS LAT-38-135-H E6 DMAX,LAT-38-135-H E6 (Isuzu),VDL2000-064,0,0,,,
October,19019,4240,CUST802,Northern Ireland Electricity - Isuzu D-Max E6 No3,2019/02/28,2019/10/24,2019/10/31,,LAT-38-135-H,TBA,No,No,Isuzu D-Max Euro 6,TBA,No,No,VDL Stk,,56109,No,No,,INS LAT-38-135-H E6 DMAX,LAT-38-135-H E6 (Isuzu),VDL2000-064,0,0,,,
October,19020,4241,CUST802,Northern Ireland Electricity - Isuzu D-Max E6 No4,2019/02/28,2019/10/24,2019/10/31,,LAT-38-135-H,TBA,No,No,Isuzu D-Max Euro 6,TBA,No,No,VDL Stk,,56109,No,No,,INS LAT-38-135-H E6 DMAX,LAT-38-135-H E6 (Isuzu),VDL2000-064,0,0,,,
October,19021,4242,CUST802,Northern Ireland Electricity - Isuzu D-Max E6 No5,2019/02/28,2019/10/24,2019/10/31,,LAT-38-135-H,TBA,No,No,Isuzu D-Max Euro 6,TBA,No,No,VDL Stk,,56109,No,No,,INS LAT-38-135-H E6 DMAX,LAT-38-135-H E6 (Isuzu),VDL2000-064,0,0,,,
November,17589,P911070-397786,CUST71,Western Power No4,2019/02/28,2019/11/22,2019/11/29,,VOE36MHi,TBA,Yes,Yes,U530,WDB4052222V251432,No,No,FI,,107501,No,No,,INS VOE36MHi,VOE36MHi,VDL2000-086,28775,0,,,
November,17985,P911070-397786,CUST71,Western Power No4,2019/02/28,2019/11/22,2019/11/29,,VST40MHi,TBA,No,No,U530,?,No,No,FI,,102016,10281,No,,INS VST40MHi,VST40MHi,VDL2000-086,0,0,,,
VDL Stock,17293,79519,C10579,VDL stock delivered 06/07/18,2019/01/01,2019/01/01,2019/01/01,,ETM36-F E6,VE170015,Yes,Yes,,,,,,,0,,No,,ETM36-F E6,ETM36-F E6,,8404,0,,,
VDL Stock,17294,81625,C10579,VDL stock delivered 19/10/18,2019/01/01,2019/01/01,2019/01/01,,ETM36-F E6,VE170020,Yes,Yes,,,,,,,0,,No,,ETM36-F E6,ETM36-F E6,,14125,0,,,
VDL Stock,17295,81625,C10579,VDL stock delivered 19/10/18,2019/01/01,2019/01/01,2019/01/01,,ETM36-F E6,VE170021,Yes,Yes,,,,,,,0,,No,,ETM36-F E6,ETM36-F E6,,14125,0,,,
VDL Stock,17427,81625,C10579,VDL stock delivered 19/10/18,2019/01/01,2019/01/01,2019/01/01,,ETM36-F E6,VE170022,Yes,Yes,,,,,,,0,,No,,ETM36-F E6,ETM36-F E6,,14125,0,,,
VDL Stock,17428,81625,C10579,VDL stock delivered 19/10/18,2019/01/01,2019/01/01,2019/01/01,,ETM36-F E6,VE170023,Yes,Yes,,,,,,,0,,No,,ETM36-F E6,ETM36-F E6,,14343,0,,,
VDL Stock,17429,81625,C10579,VDL stock delivered 19/10/18,2019/01/01,2019/01/01,2019/01/01,,ETM36-F E6,VE170024,Yes,Yes,,,,,,,0,,No,,ETM36-F E6,ETM36-F E6,,14209,0,,,
VDL Stock,17430,81625,C10579,VDL stock delivered 19/10/18,2019/01/01,2019/01/01,2019/01/01,,ETM36-F E6,VE170025,Yes,Yes,,,,,,,0,,No,,ETM36-F E6,ETM36-F E6,,14181,0,,,
VDL Stock,17547,83127,C10579,VDL stock delivered 12/04/18,2019/01/01,2019/01/01,2019/01/01,,LAT160-F,DK-LAT-180005,Yes,Yes,,,,,,,0,,No,,LAT160-F,LAT160-F,,17636,0,,,
VDL Stock,17548,83127,C10579,VDL stock delivered 12/04/18,2019/01/01,2019/01/01,2019/01/01,,LAT160-F,DK-LAT-180006,Yes,Yes,,,,,,,0,,No,,LAT160-F,LAT160-F,,17543,0,,,
VDL Stock,17549,83127,C10579,VDL stock delivered 12/04/18,2019/01/01,2019/01/01,2019/01/01,,LAT160-F,DK-LAT-180007,Yes,Yes,,,,,,,0,,No,,LAT160-F,LAT160-F,,17543,0,,,
VDL Stock,17561,85827,C10579,VDL stock delivered 28/12/18,2019/01/01,2019/01/01,2019/01/01,,ETM38-F E6,VF180111,Yes,Yes,,,,,,,0,,No,,ETM38-F E6,ETM38-F E6,,50851,0,,,
VDL Stock,17562,85827,C10579,VDL stock delivered 28/12/18,2019/01/01,2019/01/01,2019/01/01,,ETM38-F E6,VF180112,Yes,Yes,,,,,,,0,,No,,ETM38-F E6,ETM38-F E6,,50851,0,,,
VDL Stock,17590,84331,C10579,VDL stock delivered 20/09/18,2019/01/01,2019/01/01,2019/01/01,,VOE36MHi,UT180013,Yes,Yes,,,,,,,0,,No,,VOE36MHi,VOE36MHi,,28695,0,,,
VDL Stock,17593,84186,C10579,VDL stock delivered 23/08/18,2019/01/01,2019/01/01,2019/01/01,,LAT160-F,DK-LAT-180027,Yes,Yes,,,,,,,0,,No,,LAT160-F,LAT160-F,,33891,0,,,
VDL Stock,17594,84186,C10579,VDL stock delivered 23/08/18,2019/01/01,2019/01/01,2019/01/01,,LAT160-F,DK-LAT-180028,Yes,Yes,,,,,,,0,,No,,LAT160-F,LAT160-F,,12058,0,,,
VDL Stock,17595,84186,C10579,VDL stock delivered 23/08/18,2019/01/01,2019/01/01,2019/01/01,,LAT160-F,DK-LAT-180029,Yes,Yes,,,,,,,0,,No,,LAT160-F,LAT160-F,,12058,0,,,
VDL Stock,17596,84186,C10579,VDL stock delivered 23/08/18,2019/01/01,2019/01/01,2019/01/01,,LAT160-F,DK-LAT-180030,Yes,Yes,,,,,,,0,,No,,LAT160-F,LAT160-F,,12058,0,,,
VDL Stock,17613,84187,C10579,VDL stock delivered 24/08/18,2019/01/01,2019/01/01,2019/01/01,,LAT-38-135-H E6,DK-LAT-180034,Yes,Yes,,,,,,,0,,No,,LAT-38-135-H E6,LAT-38-135-H E6,,24076,0,,,
VDL Stock,17614,84187,C10579,VDL stock delivered 24/08/18,2019/01/01,2019/01/01,2019/01/01,,LAT-38-135-H E6,DK-LAT-180035,Yes,Yes,,,,,,,0,,No,,LAT-38-135-H E6,LAT-38-135-H E6,,24076,0,,,
VDL Stock,17615,84187,C10579,VDL stock delivered 28/08/18,2019/01/01,2019/01/01,2019/01/01,,LAT-38-135-H E6,DK-LAT-180036,Yes,Yes,,,,,,,0,,No,,LAT-38-135-H E6,LAT-38-135-H E6,,24224,0,,,
VDL Stock,17616,84187,C10579,VDL stock delivered 28/08/18,2019/01/01,2019/01/01,2019/01/01,,LAT-38-135-H E6,DK-LAT-180037,Yes,Yes,,,,,,,0,,No,,LAT-38-135-H E6,LAT-38-135-H E6,,24076,0,,,
VDL Stock,17617,84187,C10579,VDL stock delivered 28/08/18,2019/01/01,2019/01/01,2019/01/01,,LAT-38-135-H E6,DK-LAT-180038,Yes,Yes,,,,,,,0,,No,,LAT-38-135-H E6,LAT-38-135-H E6,,24076,0,,,
VDL Stock,17618,84187,C10579,VDL stock delivered 02/10/18,2019/01/01,2019/01/01,2019/01/01,,LAT-38-135-H E6,DK-LAT-180039,Yes,Yes,,,,,,,0,,No,,LAT-38-135-H E6,LAT-38-135-H E6,,24103,0,,,
VDL Stock,17619,84187,C10579,VDL stock delivered 02/10/18,2019/01/01,2019/01/01,2019/01/01,,LAT-38-135-H E6,DK-LAT-180040,Yes,Yes,,,,,,,0,,No,,LAT-38-135-H E6,LAT-38-135-H E6,,24103,0,,,
VDL Stock,17620,84187,C10579,VDL stock delivered 02/10/18,2019/01/01,2019/01/01,2019/01/01,,LAT-38-135-H E6,DK-LAT-180041,Yes,Yes,,,,,,,0,,No,,LAT-38-135-H E6,LAT-38-135-H E6,,24103,0,,,
VDL Stock,17621,84187,C10579,VDL stock delivered 02/10/18,2019/01/01,2019/01/01,2019/01/01,,LAT-38-135-H E6,DK-LAT-180042,Yes,Yes,,,,,,,0,,No,,LAT-38-135-H E6,LAT-38-135-H E6,,25087,0,,,
VDL Stock,17626,84193,C10579,Aylesford Electrical,2019/01/01,2019/01/01,2019/01/01,,ETL36-F E6,VB180024,Yes,Yes,,,,,,,0,,No,,ETL36-F E6,ETL36-F E6,,16389,0,,,
VDL Stock,17643,85827,C10579,VDL stock delivered 28/12/18,2019/01/01,2019/01/01,2019/01/01,,ETM38-F E6,VF180113,Yes,Yes,,,,,,,0,,No,,ETM38-F E6,ETM38-F E6,,54432,0,,,
VDL Stock,17644,85827,C10579,VDL stock delivered 28/12/18,2019/01/01,2019/01/01,2019/01/01,,ETM38-F E6,VF180114,Yes,Yes,,,,,,,0,,No,,ETM38-F E6,ETM38-F E6,,54432,0,,,
VDL Stock,17646,No,C10579,VDL Stock van sold to customer SDB - Jan19,2019/01/01,2019/01/01,2019/01/01,,NA,NA,No,No,,,,,,,0,,No,,INSTALL,INSTALL,,14545,0,,,
VDL Stock,17662,84203,C10579,VDL stock delivered 10/08/18,2019/01/01,2019/01/01,2019/01/01,,ETL38-F ECO,VC180074,Yes,Yes,,,,,,,0,,No,,ETL38-F ECO,ETL38-F ECO,,10263,0,,,
VDL Stock,17684,84725,C10579,VDL stock delivered 26/07/2018,2019/01/01,2019/01/01,2019/01/01,,ETL36-F E6,VB180062,Yes,Yes,,,,,,,0,,No,,ETL36-F E6,ETL36-F E6,,12500,0,,,
VDL Stock,17685,84725,C10579,VDL stock delivered 26/07/2018,2019/01/01,2019/01/01,2019/01/01,,ETL36-F E6,VB180063,Yes,Yes,,,,,,,0,,No,,ETL36-F E6,ETL36-F E6,,12500,0,,,
VDL Stock,17686,84725,C10579,VDL stock delivered 26/07/2018,2019/01/01,2019/01/01,2019/01/01,,ETL36-F E6,VB180064,Yes,Yes,,,,,,,0,,No,,ETL36-F E6,ETL36-F E6,,12745,0,,,
VDL Stock,17687,84725,C10579,VDL stock delivered 26/07/2018,2019/01/01,2019/01/01,2019/01/01,,ETL36-F E6,VB180065,Yes,Yes,,,,,,,0,,No,,ETL36-F E6,ETL36-F E6,,12903,0,,,
VDL Stock,17688,84725,C10579,VDL stock delivered 26/07/2018,2019/01/01,2019/01/01,2019/01/01,,ETL36-F E6,VB180066,Yes,Yes,,,,,,,0,,No,,ETL36-F E6,ETL36-F E6,,12593,0,,,
VDL Stock,17689,84725,C10579,VDL stock delivered 26/07/2018,2019/01/01,2019/01/01,2019/01/01,,ETL36-F E6,VB180067,Yes,Yes,,,,,,,0,,No,,ETL36-F E6,ETL36-F E6,,12500,0,,,
VDL Stock,17690,84725,C10579,VDL stock delivered 26/07/2018,2019/01/01,2019/01/01,2019/01/01,,ETL36-F E6,VB180068,Yes,Yes,,,,,,,0,,No,,ETL36-F E6,ETL36-F E6,,12500,0,,,
VDL Stock,17691,85827,C10579,VDL Stock delivered - 28/12/2018,2019/01/01,2019/01/01,2019/01/01,,ETM38-F E6,VF180116,Yes,Yes,,,,,,,0,,No,,ETM38-F E6,ETM38-F E6,,21392,0,,,
VDL Stock,17694,85827,C10579,VDL Stock delivered - 28/12/2018,2019/01/01,2019/01/01,2019/01/01,,ETM38-F E6,VF180117,Yes,Yes,,,,,,,0,,No,,ETM38-F E6,ETM38-F E6,,22769,0,,,
VDL Stock,17695,85827,C10579,VDL Stock delivered - 28/12/2018,2019/01/01,2019/01/01,2019/01/01,,ETM38-F E6,VF180118,Yes,Yes,,,,,,,0,,No,,ETM38-F E6,ETM38-F E6,,23196,0,,,
VDL Stock,17696,85827,C10579,VDL Stock delivered - 28/12/2018,2019/01/01,2019/01/01,2019/01/01,,ETM38-F E6,VF180119,Yes,Yes,,,,,,,0,,No,,ETM38-F E6,ETM38-F E6,,22769,0,,,
VDL Stock,17697,85827,C10579,VDL Stock delivered - 28/12/2018,2019/01/01,2019/01/01,2019/01/01,,ETM38-F E6,VF180120,Yes,Yes,,,,,,,0,,No,,ETM38-F E6,ETM38-F E6,,22769,0,,,
VDL Stock,17698,84726,C10579,BT Fleet 2018 - No1,2019/01/01,2019/01/01,2019/01/01,,ETM38-F E6,VF180040,Yes,Yes,,,,,,,0,,No,,ETM38-F E6,ETM38-F E6,,14486,0,,,
VDL Stock,17731,85379,C10579,VDL Stock delivered - 03/09/18,2019/01/01,2019/01/01,2019/01/01,,ETL38-F ECO,VC180084,Yes,Yes,,,,,,,0,,No,,ETL38-F ECO,ETL38-F ECO,,7389,0,,,
VDL Stock,17732,85379,C10579,VDL Stock delivered - 03/09/18,2019/01/01,2019/01/01,2019/01/01,,ETL38-F ECO,VC180085,Yes,Yes,,,,,,,0,,No,,ETL38-F ECO,ETL38-F ECO,,7389,0,,,
VDL Stock,17733,85379,C10579,VDL Stock delivered - 03/09/18,2019/01/01,2019/01/01,2019/01/01,,ETL38-F ECO,VC180089,Yes,Yes,,,,,,,0,,No,,ETL38-F ECO,ETL38-F ECO,,7389,0,,,
VDL Stock,17734,85379,C10579,VDL Stock delivered - 03/09/18,2019/01/01,2019/01/01,2019/01/01,,ETL38-F ECO,VC180090,Yes,Yes,,,,,,,0,,No,,ETL38-F ECO,ETL38-F ECO,,7389,0,,,
VDL Stock,17735,85379,C10579,VDL Stock delivered - 03/09/18,2019/01/01,2019/01/01,2019/01/01,,ETL38-F ECO,VC180091,Yes,Yes,,,,,,,0,,No,,ETL38-F ECO,ETL38-F ECO,,7389,0,,,
VDL Stock,17736,85379,C10579,VDL Stock delivered - 03/09/18,2019/01/01,2019/01/01,2019/01/01,,ETL38-F ECO,VC180092,Yes,Yes,,,,,,,0,,No,,ETL38-F ECO,ETL38-F ECO,,7389,0,,,
VDL Stock,17737,85379,C10579,VDL Stock delivered - 03/09/18,2019/01/01,2019/01/01,2019/01/01,,ETL38-F ECO,VC180093,Yes,Yes,,,,,,,0,,No,,ETL38-F ECO,ETL38-F ECO,,7389,0,,,
VDL Stock,17738,85379,C10579,VDL Stock delivered - 03/09/18,2019/01/01,2019/01/01,2019/01/01,,ETL38-F ECO,VC180094,Yes,Yes,,,,,,,0,,No,,ETL38-F ECO,ETL38-F ECO,,10493,0,,,
VDL Stock,17739,85827,C10579,VDL Stock delivered - 28/12/2018,2019/01/01,2019/01/01,2019/01/01,,ETM38-F E6,VF180109,Yes,Yes,,,,,,,0,,No,,ETM38-F E6,ETM38-F E6,,12659,0,,,
VDL Stock,17740,85827,C10579,VDL Stock delivered - 28/12/2018,2019/01/01,2019/01/01,2019/01/01,,ETM38-F E6,VF180110,Yes,Yes,,,,,,,0,,No,,ETM38-F E6,ETM38-F E6,,13206,0,,,
VDL Stock,17741,85827,C10579,VDL Stock,2019/01/01,2019/01/01,2019/01/01,,ETM38-F E6,,Yes,Yes,,,,,,,0,,No,,ETM38-F E6,ETM38-F E6,,5276,0,,,
VDL Stock,17745,85827,C10579,VDL stock delivered 15/11/18,2019/01/01,2019/01/01,2019/01/01,,ETM38-F E6,VF180098,Yes,Yes,,,,,,,0,,No,,ETM38-F E6,ETM38-F E6,,13810,0,,,
VDL Stock,17746,85827,C10579,VDL stock delivered 15/11/18,2019/01/01,2019/01/01,2019/01/01,,ETM38-F E6,VF180099,Yes,Yes,,,,,,,0,,No,,ETM38-F E6,ETM38-F E6,,16913,0,,,
VDL Stock,17750,85827,C10579,VDL stock delivered 15/11/18,2019/01/01,2019/01/01,2019/01/01,,ETM38-F E6,VF180104,Yes,Yes,,,,,,,0,,No,,ETM38-F E6,ETM38-F E6,,12433,0,,,
VDL Stock,17751,85827,C10579,VDL stock delivered 28/12/18,2019/01/01,2019/01/01,2019/01/01,,ETM38-F E6,VF180105,Yes,Yes,,,,,,,0,,No,,ETM38-F E6,ETM38-F E6,,12659,0,,,
VDL Stock,17752,85827,C10579,VDL stock delivered 28/12/18,2019/01/01,2019/01/01,2019/01/01,,ETM38-F E6,VF180106,Yes,Yes,,,,,,,0,,No,,ETM38-F E6,ETM38-F E6,,12659,0,,,
VDL Stock,17753,85827,C10579,VDL stock delivered 28/12/18,2019/01/01,2019/01/01,2019/01/01,,ETM38-F E6,VF180107,Yes,Yes,,,,,,,0,,No,,ETM38-F E6,ETM38-F E6,,12659,0,,,
VDL Stock,17754,85827,C10579,VDL stock delivered 28/12/18,2019/01/01,2019/01/01,2019/01/01,,ETM38-F E6,VF180108,Yes,Yes,,,,,,,0,,No,,ETM38-F E6,ETM38-F E6,,12659,0,,,
VDL Stock,17755,,C10579,VDL Stock,2019/01/01,2019/01/01,2019/01/01,,LAT160-F,,Yes,Yes,,,,,,,0,,No,,LAT160-F,LAT160-F,,8472,0,,,
VDL Stock,17791,85827,C10579,VDL stock delivered 08/10/2018,2019/01/01,2019/01/01,2019/01/01,,ETM38-F E6,VF180058,Yes,Yes,,,,,,,0,,No,,ETM38-F E6,ETM38-F E6,,35972,0,,,
VDL Stock,17841,85827,C10579,BT Fleet No54,2019/01/01,2019/01/01,2019/01/01,,ETM38-F E6,VF180079,Yes,Yes,,,,,,,0,,No,,ETM38-F E6,ETM38-F E6,,34387,0,,,
VDL Stock,17872,85855,C10579,VDL Stock delivered 26/10/18,2019/01/01,2019/01/01,2019/01/01,,ETL38-F ECO,VC180125,Yes,Yes,,,,,,,0,,No,,ETL38-F ECO,ETL38-F ECO,,8490,0,,,
VDL Stock,17873,85855,C10579,VDL Stock delivered 26/10/18,2019/01/01,2019/01/01,2019/01/01,,ETL38-F ECO,VC180126,Yes,Yes,,,,,,,0,,No,,ETL38-F ECO,ETL38-F ECO,,8490,0,,,
VDL Stock,17874,85855,C10579,VDL Stock delivered 26/10/18,2019/01/01,2019/01/01,2019/01/01,,ETL38-F ECO,VC180127,Yes,Yes,,,,,,,0,,No,,ETL38-F ECO,ETL38-F ECO,,8490,0,,,
VDL Stock,17875,85855,C10579,VDL Stock delivered 26/10/18,2019/01/01,2019/01/01,2019/01/01,,ETL38-F ECO,VC180128,Yes,Yes,,,,,,,0,,No,,ETL38-F ECO,ETL38-F ECO,,8490,0,,,
VDL Stock,17876,85855,C10579,VDL Stock delivered 26/10/18,2019/01/01,2019/01/01,2019/01/01,,ETL38-F ECO,VC180129,Yes,Yes,,,,,,,0,,No,,ETL38-F ECO,ETL38-F ECO,,8490,0,,,
VDL Stock,17877,85855,C10579,VDL Stock delivered 26/10/18,2019/01/01,2019/01/01,2019/01/01,,ETL38-F ECO,VC180130,Yes,Yes,,,,,,,0,,No,,ETL38-F ECO,ETL38-F ECO,,8490,0,,,
VDL Stock,17912,86281,C10579,BT Fleet No2 delivered 09/02/19,2019/01/01,2019/01/01,2019/01/01,,VTX-240 E6,DKVTX-180031,Yes,Yes,,,,,,,0,,No,,VTX-240 E6,VTX-240 E6,,172995,0,,,
VDL Stock,17920,86281,C10579,BT Fleet No10 delivered 10/12/18,2019/01/01,2019/01/01,2019/01/01,,VTX-240 E6,DKVTX-180025,Yes,Yes,,,,,,,0,,No,,VTX-240 E6,VTX-240 E6,,34395,0,,,
VDL Stock,17999,,C10579,VDL Stock,2019/01/01,2019/01/01,2019/01/01,,ETL36-F E6,,Yes,Yes,,,,,,,0,,No,,ETL36-F E6,ETL36-F E6,,172884,0,,,
VDL Stock,18077,,C10579,VDL Stock,2019/01/01,2019/01/01,2019/01/01,,ETM38-F E6,,,,,,,,,,0,,No,,ETM38-F E6,ETM38-F E6,,754,0,,,
VDL Stock,18086,,C10579,VDL Stock,2019/01/01,2019/01/01,2019/01/01,,ETM38-F E6,,,,,,,,,,0,,No,,ETM38-F E6,ETM38-F E6,,5682,0,,,
VDL Stock,18087,,C10579,VDL Stock,2019/01/01,2019/01/01,2019/01/01,,ETM38-F E6,,,,,,,,,,0,,No,,ETM38-F E6,ETM38-F E6,,5895,0,,,
VDL Stock,18088,,C10579,VDL Stock,2019/01/01,2019/01/01,2019/01/01,,ETM38-F E6,,,,,,,,,,0,,No,,ETM38-F E6,ETM38-F E6,,5682,0,,,
VDL Stock,18089,,C10579,VDL Stock,2019/01/01,2019/01/01,2019/01/01,,ETM38-F E6,,,,,,,,,,0,,No,,ETM38-F E6,ETM38-F E6,,5700,0,,,
VDL Stock,18090,,C10579,VDL Stock,2019/01/01,2019/01/01,2019/01/01,,ETM38-F E6,,,,,,,,,,0,,No,,ETM38-F E6,ETM38-F E6,,5682,0,,,
VDL Stock,18091,,C10579,VDL Stock,2019/01/01,2019/01/01,2019/01/01,,ETM38-F E6,,,,,,,,,,0,,No,,ETM38-F E6,ETM38-F E6,,5682,0,,,
VDL Stock,18092,,C10579,VDL Stock,2019/01/01,2019/01/01,2019/01/01,,ETM38-F E6,,,,,,,,,,0,,No,,ETM38-F E6,ETM38-F E6,,5682,0,,,
VDL Stock,18093,,C10579,VDL Stock,2019/01/01,2019/01/01,2019/01/01,,ETM38-F E6,,,,,,,,,,0,,No,,ETM38-F E6,ETM38-F E6,,5682,0,,,
VDL Stock,18094,,C10579,VDL Stock,2019/01/01,2019/01/01,2019/01/01,,ETM38-F E6,,,,,,,,,,0,,No,,ETM38-F E6,ETM38-F E6,,2061,0,,,
VDL Stock,18095,,C10579,VDL Stock,2019/01/01,2019/01/01,2019/01/01,,ETM38-F E6,,,,,,,,,,0,,No,,ETM38-F E6,ETM38-F E6,,2061,0,,,
VDL Stock,18096,,C10579,VDL Stock,2019/01/01,2019/01/01,2019/01/01,,ETM38-F E6,,,,,,,,,,0,,No,,ETM38-F E6,ETM38-F E6,,2061,0,,,
VDL Stock,18097,,C10579,VDL Stock,2019/01/01,2019/01/01,2019/01/01,,ETM38-F E6,,,,,,,,,,0,,No,,ETM38-F E6,ETM38-F E6,,2061,0,,,
VDL Stock,18098,,C10579,VDL Stock,2019/01/01,2019/01/01,2019/01/01,,ETM38-F E6,,,,,,,,,,0,,No,,ETM38-F E6,ETM38-F E6,,2061,0,,,
VDL Stock,18099,,C10579,VDL Stock,2019/01/01,2019/01/01,2019/01/01,,ETM38-F E6,,,,,,,,,,0,,No,,ETM38-F E6,ETM38-F E6,,2061,0,,,
VDL Stock,18100,,C10579,VDL Stock,2019/01/01,2019/01/01,2019/01/01,,ETM38-F E6,,,,,,,,,,0,,No,,ETM38-F E6,ETM38-F E6,,2061,0,,,
VDL Stock,18101,,C10579,VDL Stock,2019/01/01,2019/01/01,2019/01/01,,ETM38-F E6,,,,,,,,,,0,,No,,ETM38-F E6,ETM38-F E6,,2061,0,,,
VDL Stock,18108,,C10579,VDL Stock,2019/01/01,2019/01/01,2019/01/01,,ETM38-F E6,,,,,,,,,,0,,No,,ETM38-F E6,ETM38-F E6,,2061,0,,,
VDL Stock,18109,,C10579,VDL Stock,2019/01/01,2019/01/01,2019/01/01,,ETM38-F E6,,,,,,,,,,0,,No,,ETM38-F E6,ETM38-F E6,,2061,0,,,
VDL Stock,18110,,C10579,VDL Stock,2019/01/01,2019/01/01,2019/01/01,,ETM38-F E6,,,,,,,,,,0,,No,,ETM38-F E6,ETM38-F E6,,2061,0,,,
VDL Stock,18111,,C10579,VDL Stock,2019/01/01,2019/01/01,2019/01/01,,ETM38-F E6,,,,,,,,,,0,,No,,ETM38-F E6,ETM38-F E6,,2061,0,,,
VDL Stock,18112,,C10579,VDL Stock,2019/01/01,2019/01/01,2019/01/01,,ETM38-F E6,,,,,,,,,,0,,No,,ETM38-F E6,ETM38-F E6,,2061,0,,,
VDL Stock,18113,,C10579,VDL Stock,2019/01/01,2019/01/01,2019/01/01,,ETM38-F E6,,,,,,,,,,0,,No,,ETM38-F E6,ETM38-F E6,,2061,0,,,
VDL Stock,18114,,C10579,VDL Stock,2019/01/01,2019/01/01,2019/01/01,,ETM38-F E6,,,,,,,,,,0,,No,,ETM38-F E6,ETM38-F E6,,2061,0,,,
VDL Stock,18115,,C10579,VDL Stock,2019/01/01,2019/01/01,2019/01/01,,ETM38-F E6,,,,,,,,,,0,,No,,ETM38-F E6,ETM38-F E6,,2061,0,,,
VDL Stock,18116,,C10579,VDL Stock,2019/01/01,2019/01/01,2019/01/01,,ETM38-F E6,,,,,,,,,,0,,No,,ETM38-F E6,ETM38-F E6,,2091,0,,,
VDL Stock,18117,,C10579,VDL Stock,2019/01/01,2019/01/01,2019/01/01,,ETM38-F E6,,,,,,,,,,0,,No,,ETM38-F E6,ETM38-F E6,,2091,0,,,
VDL Stock,18118,,C10579,VDL Stock,2019/01/01,2019/01/01,2019/01/01,,ETM38-F E6,,,,,,,,,,0,,No,,ETM38-F E6,ETM38-F E6,,2091,0,,,
VDL Stock,18119,,C10579,VDL Stock,2019/01/01,2019/01/01,2019/01/01,,ETM38-F E6,,,,,,,,,,0,,No,,ETM38-F E6,ETM38-F E6,,2091,0,,,
VDL Stock,18120,,C10579,VDL Stock,2019/01/01,2019/01/01,2019/01/01,,ETM38-F E6,,,,,,,,,,0,,No,,ETM38-F E6,ETM38-F E6,,2091,0,,,
VDL Stock,18121,,C10579,VDL Stock,2019/01/01,2019/01/01,2019/01/01,,ETM38-F E6,,,,,,,,,,0,,No,,ETM38-F E6,ETM38-F E6,,2091,0,,,
VDL Stock,18122,,C10579,VDL Stock,2019/01/01,2019/01/01,2019/01/01,,ETM38-F E6,,,,,,,,,,0,,No,,ETM38-F E6,ETM38-F E6,,2091,0,,,
VDL Stock,18123,,C10579,VDL Stock,2019/01/01,2019/01/01,2019/01/01,,ETM38-F E6,,,,,,,,,,0,,No,,ETM38-F E6,ETM38-F E6,,2091,0,,,
VDL Stock,19043,,C10579,VTL-145-F No1 (Prototype/engineering),2019/01/01,2019/01/01,2019/01/01,,VTL-145-F,,,,,,,,,,0,,No,,VTL-145-F,VTL-145-F,,5472,0,,,
VDL Stock,13983,74446,C10579,VDL Stock delivered 10/02/17,2019/01/01,2019/01/01,2019/01/01,,ETL26,TR150169,Yes,Yes,,,,,,,0,,No,,ETL26,ETL26,,12147,0,,,
VDL Stock,13984,74446,C10579,VDL Stock delivered 10/02/17,2019/01/01,2019/01/01,2019/01/01,,ETL26,TR150170,Yes,Yes,,,,,,,0,,No,,ETL26,ETL26,,12220,0,,,
VDL Stock,17276,80850,C10579,Lift used on job no Ringway 17362,2019/01/01,2019/01/01,2019/01/01,,ETL38-F ECO,VC170038,No,No,,,,,,,0,,No,,ETL38-F ECO,ETL38-F ECO,,38894,0,,,
VDL Stock,13888,74240,C10579,VDL Stock delivered 07/11/16,2019/01/01,2019/01/01,2019/01/01,,LAT-38-135-H E5 (Isuzu),DK- LAT-160014,Yes,Yes,,,,,,,0,,No,,LAT-38-135-H E5 (Isuzu),LAT-38-135-H E5 (Isuzu),,23553,0,,,
VDL Stock,13889,74240,C10579,VDL Stock delivered 07/11/16,2019/01/01,2019/01/01,2019/01/01,,LAT-38-135-H E5 (Isuzu),DK- LAT-160015,Yes,Yes,,,,,,,0,,No,,LAT-38-135-H E5 (Isuzu),LAT-38-135-H E5 (Isuzu),,23148,0,,,
VDL Stock,13890,74240,C10579,VDL Stock delivered 07/11/16,2019/01/01,2019/01/01,2019/01/01,,LAT-38-135-H E5 (Isuzu),DK- LAT-160016,Yes,Yes,,,,,,,0,,No,,LAT-38-135-H E5 (Isuzu),LAT-38-135-H E5 (Isuzu),,23102,0,,,
VDL Stock,13959,74241,C10579,VDL Stock delivered 10/03/16,2019/01/01,2019/01/01,2019/01/01,,LAT-38-135-H E5 (Toyota),DK- LAT-160027,Yes,Yes,,,,,,,0,,No,,LAT-38-135-H E5 (Toyota),LAT-38-135-H E5 (Toyota),,23598,0,,,
VDL Stock,13960,74241,C10579,VDL Stock delivered 10/03/16,2019/01/01,2019/01/01,2019/01/01,,LAT-38-135-H E5 (Toyota),DK- LAT-160032,Yes,Yes,,,,,,,0,,No,,LAT-38-135-H E5 (Toyota),LAT-38-135-H E5 (Toyota),,23102,0,,,
VDL Stock,13961,74241,C10579,VDL Stock delivered 07/11/16,2019/01/01,2019/01/01,2019/01/01,,LAT-38-135-H E5 (Toyota),DK- LAT-160029,Yes,Yes,,,,,,,0,,No,,LAT-38-135-H E5 (Toyota),LAT-38-135-H E5 (Toyota),,23553,0,,,
VDL Stock,13962,74241,C10579,VDL Stock delivered 07/11/16,2019/01/01,2019/01/01,2019/01/01,,LAT-38-135-H E5 (Toyota),DK- LAT-160030,Yes,Yes,,,,,,,0,,No,,LAT-38-135-H E5 (Toyota),LAT-38-135-H E5 (Toyota),,23553,0,,,
VDL Stock,13963,74241,C10579,VDL Stock delivered 07/11/16,2019/01/01,2019/01/01,2019/01/01,,LAT-38-135-H E5 (Toyota),DK- LAT-160031,Yes,Yes,,,,,,,0,,No,,LAT-38-135-H E5 (Toyota),LAT-38-135-H E5 (Toyota),,23102,0,,,
VDL Stock,17129,,C10579,VDL Demo VDT170-F (Iveco 70C17 E6) - vehicle sent to Time DK,2019/01/01,2019/01/01,2019/01/01,,VDT170-F,,,,,,,,,,0,,No,,VDT170-F,VDT170-F,,33401,0,,,
VDL Stock,17136,,C10579,LAT-38-140-H lift used on job no SSE/Unimog 17199,2019/01/01,2019/01/01,2019/01/01,,LAT-38-140-H,DK-LAT-160035,Yes,No,,,,,,,0,,Yes,,LAT-38-140-H,LAT-38-140-H,,32390,0,,,
VDL Stock,17314,,C10579,VST40MHi rec/d 06/01/17 used by service - ESB refurbs,2019/01/01,2019/01/01,2019/01/01,,VST40MHi,KW160220,Yes,No,,,,,,,0,,Yes,,VST40MHi,VST40MHi,,29479,0,,,
